72.37.154.155,200.0.21.151,200.0.21.145,200.0.21.145,200.0.21.145,190.2.136.49,190.2.136.49,190.2.136.49,190.2.130.14,190.2.130.14,190.2.130.14,190.2.135.233,190.2.135.233,190.2.135.233,130.94.195.13,130.94.195.13,130.94.195.13,129.250.4.250,129.250.4.250,129.250.4.250,129.250.3.174,129.250.3.174,129.250.3.174,129.250.2.168,129.250.2.168,129.250.5.2,129.250.5.2,129.250.5.2,198.173.172.6,198.173.172.6,198.173.172.6,69.31.124.84,69.31.124.84,69.31.124.84,46.33.80.9,46.33.80.9,46.33.80.9,141.136.108.158,141.136.108.158,141.136.108.158,199.229.229.238,199.229.229.238,199.229.229.238,72.37.154.155,72.37.154.155,72.37.154.155,
203.186.47.24,58.176.141.104,192.168.1.1,192.168.1.1,192.168.1.1,58.176.141.1,58.176.141.1,58.176.141.1,10.239.26.13,10.239.26.13,10.239.26.13,61.239.130.126,61.239.130.126,61.239.130.126,14.199.254.157,14.199.254.157,14.199.254.157,14.136.129.134,14.136.129.134,14.136.129.134,14.136.133.5,14.136.133.5,14.136.133.5,203.186.47.24,203.186.47.24,203.186.47.24,
23.2.16.26,218.254.74.122,23.2.16.26,23.2.16.26,23.2.16.26,
95.100.249.96,213.9.97.138,213.9.97.137,213.9.97.137,213.9.97.137,213.9.90.89,213.9.90.89,213.9.90.89,212.46.96.196,212.46.96.196,212.46.96.196,194.146.118.84,194.146.118.84,194.146.118.84,95.100.249.96,95.100.249.96,95.100.249.96,
119.224.143.9,14.1.79.80,192.168.1.1,192.168.1.1,192.168.1.1,202.169.192.20,202.169.192.20,202.169.192.20,192.203.154.46,192.203.154.46,192.203.154.46,119.224.143.1,119.224.143.1,119.224.143.1,119.224.143.9,119.224.143.9,119.224.143.9,
125.56.201.113,110.50.240.170,110.50.240.130,110.50.240.130,110.50.240.130,202.45.160.37,202.45.160.37,202.45.160.37,202.45.160.34,202.45.160.34,202.45.160.34,202.45.160.145,202.45.160.145,202.45.160.145,198.180.142.5,198.180.142.5,198.180.142.5,210.171.224.201,210.171.224.201,210.171.224.201,125.56.201.113,125.56.201.113,125.56.201.113,
2.20.182.19,194.149.129.42,194.149.129.254,194.149.129.254,194.149.129.254,194.149.130.2,194.149.130.2,194.149.130.2,194.149.130.110,194.149.130.110,194.149.130.110,62.40.112.29,62.40.112.29,62.40.112.29,193.203.0.168,193.203.0.168,2.20.182.19,2.20.182.19,2.20.182.19,
213.155.158.58,89.31.154.6,89.31.154.5,89.31.154.5,89.31.154.5,212.158.190.2,212.158.190.2,212.158.190.2,217.16.64.145,217.16.64.145,217.16.64.145,217.16.64.170,217.16.64.170,217.16.64.170,193.77.236.233,193.77.236.233,193.77.236.233,95.176.253.16,95.176.253.16,95.176.253.16,213.248.90.185,213.248.90.185,213.248.90.185,213.155.135.220,213.155.135.220,213.155.135.220,80.91.249.128,80.91.249.128,80.91.249.128,213.155.158.58,213.155.158.58,213.155.158.58,
213.155.158.80,89.185.217.60,89.185.205.1,89.185.205.1,89.185.205.1,89.185.223.97,89.185.223.97,89.185.223.97,213.16.47.17,213.16.47.17,213.16.47.17,212.39.69.225,212.39.69.225,212.39.69.225,213.248.85.217,213.248.85.217,213.248.85.217,213.155.132.184,213.155.132.184,213.155.132.184,213.155.137.21,213.155.137.21,213.155.137.21,213.155.158.80,213.155.158.80,213.155.158.80,
95.180.157.144,62.162.212.170,192.168.1.1,192.168.1.1,192.168.1.1,62.162.71.145,62.162.71.145,62.162.71.145,195.26.156.153,195.26.156.153,195.26.156.153,62.162.201.109,62.162.201.109,62.162.201.109,195.26.150.37,195.26.150.37,195.26.150.37,62.162.204.92,62.162.204.92,62.162.204.92,62.162.204.90,62.162.204.90,62.162.204.90,195.26.158.222,195.26.158.222,195.26.158.222,95.180.157.144,95.180.157.144,95.180.157.144,
95.180.157.145,89.205.127.226,192.168.0.1,192.168.0.1,192.168.0.1,89.205.127.225,89.205.127.225,89.205.127.225,80.77.144.145,80.77.144.145,80.77.144.145,95.180.157.145,95.180.157.145,95.180.157.145,
92.122.124.97,91.191.0.134,192.168.1.254,192.168.1.254,192.168.1.254,91.191.0.133,91.191.0.133,91.191.0.133,91.191.0.26,91.191.0.26,91.191.0.26,91.191.0.201,91.191.0.201,91.191.0.201,195.29.249.29,195.29.249.29,195.29.249.29,195.29.240.238,195.29.240.238,195.29.240.238,195.29.241.134,195.29.241.134,195.29.241.134,195.29.3.90,195.29.3.90,195.29.3.90,195.22.208.114,195.22.208.114,195.22.208.114,195.22.192.103,195.22.192.103,195.22.192.103,195.22.192.5,195.22.192.5,195.22.192.5,92.122.124.97,92.122.124.97,92.122.124.97,
193.77.14.144,86.61.32.124,192.168.2.1,192.168.2.1,192.168.2.1,95.176.255.245,95.176.255.245,95.176.255.245,95.176.241.155,95.176.241.155,95.176.241.155,193.77.14.144,193.77.14.144,193.77.14.144,
184.50.85.91,115.146.113.139,172.16.160.1,172.16.160.1,172.16.160.1,115.146.113.142,115.146.113.142,115.146.113.142,119.110.117.1,119.110.117.1,119.110.117.1,202.79.197.102,202.79.197.102,202.79.197.102,184.50.85.91,184.50.85.91,184.50.85.91,
91.245.214.8,87.250.37.34,192.168.38.1,192.168.38.1,192.168.38.1,87.250.37.45,87.250.37.45,87.250.37.45,193.105.163.12,193.105.163.12,193.105.163.12,91.245.214.8,91.245.214.8,91.245.214.8,
2.20.182.229,46.17.123.133,46.17.123.1,46.17.123.1,46.17.123.1,46.17.120.253,46.17.120.253,46.17.120.253,195.29.246.217,195.29.246.217,195.29.246.217,195.29.241.33,195.29.241.33,195.29.241.33,195.29.3.201,195.29.3.201,195.29.3.201,195.29.241.242,195.29.241.242,195.29.241.242,193.203.0.168,193.203.0.168,2.20.182.229,2.20.182.229,2.20.182.229,
95.101.2.33,37.77.56.88,37.77.56.65,37.77.56.65,37.77.56.65,37.77.56.32,37.77.56.32,37.77.56.32,95.101.2.33,95.101.2.33,95.101.2.33,
80.239.152.147,78.40.6.20,78.40.7.3,78.40.7.3,78.40.7.3,195.3.114.141,195.3.114.141,195.3.114.141,195.3.68.33,195.3.68.33,195.3.68.33,195.3.70.198,195.3.70.198,195.3.70.198,213.248.96.1,213.248.96.1,213.248.96.1,62.115.136.228,62.115.136.228,62.115.136.228,213.155.136.140,213.155.136.140,213.155.136.140,80.91.249.114,80.91.249.114,80.91.249.114,80.239.152.147,80.239.152.147,80.239.152.147,
95.180.157.144,95.180.176.250,95.180.176.1,95.180.176.1,95.180.176.1,88.85.98.249,88.85.98.249,88.85.98.249,80.77.144.238,80.77.144.238,80.77.144.238,80.77.149.105,80.77.149.105,80.77.149.105,80.77.144.165,80.77.144.165,95.180.157.144,95.180.157.144,95.180.157.144,
23.15.5.121,190.103.184.148,190.103.184.145,190.103.184.145,190.103.184.145,198.32.252.17,198.32.252.17,198.32.252.17,198.32.252.121,198.32.252.121,198.32.252.121,198.32.124.114,198.32.124.114,198.32.124.114,23.15.5.121,23.15.5.121,23.15.5.121,
77.67.41.129,41.207.162.249,192.168.3.1,192.168.3.1,192.168.3.1,10.10.3.1,10.10.3.1,10.10.3.1,41.207.160.33,41.207.160.33,41.207.160.33,41.207.177.146,41.207.177.146,41.207.177.146,41.207.178.101,41.207.178.101,41.207.178.101,41.207.178.201,41.207.178.201,41.207.178.201,195.219.129.17,195.219.129.17,195.219.129.13,195.219.129.13,195.219.129.13,80.231.158.6,80.231.158.6,80.231.158.6,80.231.159.30,80.231.159.30,80.231.159.30,80.231.91.65,80.231.91.65,195.219.112.26,195.219.112.26,195.219.112.26,89.149.187.150,89.149.187.150,89.149.187.150,77.67.41.129,77.67.41.129,77.67.41.129,
195.59.126.203,41.138.54.5,192.168.100.254,192.168.100.254,192.168.100.254,41.138.54.21,41.138.54.21,41.138.54.21,80.231.76.233,80.231.76.233,80.231.76.233,80.231.62.29,80.231.62.29,80.231.62.29,195.2.21.41,195.2.21.41,195.2.21.41,195.2.30.62,195.2.30.62,195.2.30.62,195.59.126.203,195.59.126.203,195.59.126.203,41.85.184.22,
80.239.178.193,77.68.217.186,192.168.152.225,192.168.152.225,192.168.152.225,77.68.217.129,77.68.217.129,77.68.217.129,77.68.247.114,77.68.247.114,77.68.247.114,77.68.255.239,77.68.255.239,77.68.255.239,212.98.126.37,212.98.126.37,212.98.126.37,77.243.32.68,77.243.32.68,77.243.32.68,62.115.40.165,62.115.40.165,62.115.40.165,80.91.250.130,80.91.250.130,80.91.250.130,80.91.247.245,80.91.247.245,80.91.247.245,80.239.178.193,80.239.178.193,80.239.178.193,
62.8.89.14,41.221.32.130,192.168.253.100,192.168.253.100,192.168.253.100,41.221.32.129,41.221.32.129,41.221.32.129,41.188.128.209,41.188.128.209,41.188.128.209,41.188.129.78,41.188.129.78,41.188.129.78,41.188.128.194,41.188.128.194,41.188.128.194,41.212.40.241,41.212.40.241,41.212.40.241,41.212.1.101,41.212.1.101,41.212.1.101,62.8.89.14,62.8.89.14,62.8.89.14,
83.175.147.11,195.8.52.5,172.31.128.1,172.31.128.1,172.31.128.1,195.8.52.1,195.8.52.1,195.191.170.132,195.191.170.132,195.191.170.132,109.231.34.199,109.231.34.199,109.231.34.199,83.175.147.11,83.175.147.11,83.175.147.11,
202.51.66.247,202.52.0.12,172.16.101.10,172.16.101.10,172.16.101.10,103.233.59.65,103.233.59.65,103.233.59.65,103.233.59.1,103.233.59.1,103.233.59.1,202.129.248.197,202.129.248.197,202.129.248.197,103.254.184.66,103.254.184.66,103.254.184.66,103.225.212.69,103.225.212.69,103.225.212.69,103.225.212.97,103.225.212.97,103.225.212.97,203.208.152.82,203.208.152.82,203.208.152.82,203.208.151.254,203.208.151.254,203.208.151.254,203.208.178.170,203.208.178.170,203.208.178.170,203.208.152.137,203.208.152.137,203.208.152.137,203.208.178.26,203.208.178.26,203.208.178.26,116.0.67.169,116.0.67.169,116.0.67.169,180.87.112.2,180.87.112.2,180.87.112.2,180.87.15.146,180.87.15.146,180.87.15.146,216.6.13.70,216.6.13.70,216.6.13.70,202.51.66.121,202.51.66.121,202.51.66.121,202.51.66.247,202.51.66.247,202.51.66.247,
23.0.160.18,174.98.21.217,192.168.1.1,192.168.1.1,192.168.1.1,174.98.0.1,174.98.0.1,174.98.0.1,24.28.229.249,24.28.229.249,24.28.229.249,24.93.67.50,24.93.67.50,24.93.67.50,107.14.19.46,107.14.19.46,107.14.19.46,107.14.19.9,107.14.19.9,107.14.19.9,66.109.6.33,66.109.6.33,66.109.6.33,107.14.17.200,107.14.17.200,107.14.17.200,107.14.16.70,107.14.16.70,107.14.16.70,23.0.160.18,23.0.160.18,23.0.160.18,
210.0.146.137,113.255.77.114,192.168.0.1,192.168.0.1,192.168.0.1,113.255.76.1,113.255.76.1,113.255.76.1,10.30.35.1,10.30.35.1,10.30.35.1,10.28.21.53,10.28.21.53,10.28.21.53,210.0.146.137,210.0.146.137,210.0.146.137,
203.13.161.8,113.197.10.76,113.197.10.67,113.197.10.67,113.197.10.67,202.158.208.81,202.158.208.81,202.158.208.81,202.158.194.42,202.158.194.42,202.158.194.42,202.158.200.11,202.158.200.11,202.158.200.11,203.13.161.8,203.13.161.8,203.13.161.8,
115.112.0.23,124.195.194.2,10.9.22.254,10.9.22.254,10.9.22.254,124.195.194.1,124.195.194.1,124.195.194.1,202.1.205.34,202.1.205.34,202.1.205.34,202.1.205.9,202.1.205.9,202.1.205.9,202.1.205.1,202.1.205.1,202.1.205.1,222.165.143.249,222.165.143.249,222.165.143.249,222.165.175.213,222.165.175.213,222.165.175.213,222.165.175.138,222.165.175.138,222.165.175.138,125.17.16.185,125.17.16.185,125.17.16.185,121.240.1.201,121.240.1.201,121.240.1.201,121.240.243.206,121.240.243.206,121.240.243.206,115.112.0.23,115.112.0.23,115.112.0.23,
187.141.186.26,187.158.145.82,192.168.1.254,192.168.1.254,192.168.1.254,200.38.193.226,200.38.193.226,200.38.193.226,201.125.20.101,201.125.20.101,201.125.20.101,187.130.150.249,187.130.150.249,187.130.150.249,187.141.186.26,187.141.186.26,187.141.186.26,
184.51.15.109,103.244.157.214,192.168.6.254,192.168.6.254,192.168.6.254,103.244.157.213,103.244.157.213,103.244.157.213,202.130.118.68,202.130.118.68,202.130.118.68,202.155.220.237,202.155.220.237,202.155.220.237,115.160.187.70,115.160.187.70,115.160.187.70,202.40.161.224,202.40.161.224,202.40.161.224,180.87.112.50,180.87.112.50,180.87.112.50,184.51.15.109,184.51.15.109,184.51.15.109,
23.62.6.75,200.15.0.38,200.15.0.37,200.15.0.37,200.15.0.37,129.250.2.86,129.250.2.86,129.250.2.86,129.250.3.73,129.250.3.73,129.250.3.73,129.250.4.14,129.250.4.14,129.250.4.14,129.250.195.214,129.250.195.214,129.250.195.214,23.62.6.75,23.62.6.75,23.62.6.75,
212.199.202.50,77.126.238.224,10.0.0.138,10.0.0.138,10.0.0.138,212.199.17.111,212.199.17.111,212.199.17.111,212.199.242.186,212.199.242.186,212.199.242.186,212.199.193.114,212.199.193.114,212.199.193.114,212.199.202.50,212.199.202.50,212.199.202.50,
202.124.127.105,103.10.233.83,103.10.233.81,103.10.233.81,103.10.233.81,202.7.1.240,202.7.1.240,202.7.1.240,111.69.17.44,111.69.17.44,111.69.17.44,111.69.17.45,111.69.17.45,111.69.17.45,202.124.127.105,202.124.127.105,202.124.127.105,
2.22.49.16,195.10.43.93,195.10.43.89,195.10.43.89,195.10.43.89,183.182.80.33,183.182.80.33,183.182.80.33,141.136.108.66,141.136.108.66,141.136.108.66,2.22.49.16,2.22.49.16,2.22.49.16,
60.254.148.43,120.147.6.63,192.168.0.1,192.168.0.1,192.168.0.1,10.210.32.1,10.210.32.1,10.210.32.1,58.175.61.24,58.175.61.24,58.175.61.24,58.160.7.226,58.160.7.226,58.160.7.226,203.50.76.12,203.50.76.12,203.50.76.12,203.50.11.113,203.50.11.113,203.50.11.113,203.50.11.108,203.50.11.108,203.50.11.108,203.50.76.3,203.50.76.3,203.50.76.3,60.254.148.43,60.254.148.43,60.254.148.43,
46.33.75.59,195.10.43.85,195.10.43.81,195.10.43.81,195.10.43.81,195.2.28.157,195.2.28.157,195.2.28.157,195.2.22.86,195.2.22.86,195.2.22.86,89.149.187.170,89.149.187.170,89.149.187.170,46.33.75.59,46.33.75.59,46.33.75.59,
92.123.72.175,77.75.101.186,192.168.3.1,192.168.3.1,192.168.3.1,31.193.223.17,31.193.223.17,31.193.223.17,193.242.111.55,193.242.111.55,193.242.111.55,92.123.72.175,92.123.72.175,92.123.72.175,
88.221.134.216,195.114.102.151,195.114.102.190,195.114.102.190,195.114.102.190,94.125.133.132,94.125.133.132,94.125.133.132,94.125.133.167,94.125.133.167,94.125.133.167,195.66.226.81,195.66.226.81,195.66.226.81,88.221.134.216,88.221.134.216,88.221.134.216,
92.123.72.175,137.191.228.38,92.123.72.175,92.123.72.175,92.123.72.175,
23.3.75.67,67.228.81.214,67.228.81.213,67.228.81.213,67.228.81.213,67.228.118.210,67.228.118.210,67.228.118.210,173.192.18.158,173.192.18.158,173.192.18.158,75.149.228.37,75.149.228.37,75.149.228.37,23.3.75.67,23.3.75.67,23.3.75.67,
193.229.109.105,85.76.86.47,192.168.1.1,192.168.1.1,192.168.1.1,10.64.195.130,10.64.195.130,10.64.195.130,139.97.30.145,139.97.30.145,139.97.30.145,139.97.0.157,139.97.0.157,139.97.0.157,139.97.21.242,139.97.21.242,139.97.21.242,139.97.37.142,139.97.37.142,193.229.109.105,193.229.109.105,193.229.109.105,
2.20.182.229,82.218.213.7,192.168.2.1,192.168.2.1,192.168.2.1,172.17.0.254,172.17.0.254,172.17.0.254,178.18.161.251,178.18.161.251,178.18.161.251,178.18.161.77,178.18.161.77,178.18.161.77,178.18.161.78,178.18.161.78,178.18.161.78,195.202.162.153,195.202.162.153,195.202.162.153,195.202.135.6,195.202.135.6,195.202.135.6,193.203.0.168,193.203.0.168,193.203.0.168,2.20.182.229,2.20.182.229,2.20.182.229,
23.62.99.155,164.138.105.194,172.16.100.254,172.16.100.254,172.16.100.254,164.138.105.193,164.138.105.193,164.138.105.193,194.150.37.81,194.150.37.81,194.150.37.81,84.233.190.57,84.233.190.57,84.233.190.57,84.233.190.2,84.233.190.2,84.233.190.2,195.69.145.208,195.69.145.208,195.69.145.208,23.62.99.155,23.62.99.155,23.62.99.155,
184.50.85.100,119.81.45.190,119.81.45.189,119.81.45.189,119.81.45.189,174.133.118.134,174.133.118.134,174.133.118.134,50.97.18.196,50.97.18.196,50.97.18.196,202.79.197.102,202.79.197.102,202.79.197.102,184.50.85.100,184.50.85.100,184.50.85.100,
125.56.205.129,180.222.210.141,180.222.210.129,180.222.210.129,180.222.210.129,180.222.211.6,180.222.211.6,180.222.211.6,103.249.49.77,103.249.49.77,103.249.49.77,122.200.58.213,122.200.58.213,122.200.58.213,175.45.107.5,175.45.107.5,175.45.107.5,175.45.72.117,175.45.72.117,175.45.72.117,114.31.192.61,114.31.192.61,114.31.192.61,119.225.142.37,119.225.142.37,119.225.142.37,210.49.109.2,210.49.109.2,210.49.109.2,198.142.144.134,198.142.144.134,198.142.144.134,125.56.205.129,125.56.205.129,125.56.205.129,
23.2.16.34,210.211.107.182,210.211.107.189,210.211.107.189,210.211.107.189,210.211.111.233,210.211.111.233,210.211.111.233,115.84.180.130,115.84.180.130,115.84.180.130,203.113.185.89,203.113.185.89,203.113.185.89,203.131.245.85,203.131.245.85,203.131.245.85,129.250.6.124,129.250.6.124,129.250.6.124,129.250.2.216,129.250.2.49,129.250.2.49,129.250.2.49,203.131.246.250,203.131.246.250,203.131.246.250,23.2.16.34,23.2.16.34,23.2.16.34,
23.3.90.115,46.19.96.146,192.168.0.254,192.168.0.254,192.168.0.254,46.19.96.145,46.19.96.145,46.19.96.145,46.19.97.65,46.19.97.65,46.19.97.65,46.19.97.66,46.19.97.66,46.19.97.66,92.50.196.101,92.50.196.101,92.50.196.101,87.226.133.133,87.226.133.133,87.226.133.133,23.3.90.115,23.3.90.115,23.3.90.115,
80.239.216.128,46.162.192.166,192.168.1.1,192.168.1.1,192.168.1.1,46.162.192.162,46.162.192.162,46.162.192.162,212.162.9.209,212.162.9.209,212.162.9.209,4.69.154.72,4.69.154.72,4.68.70.106,4.68.70.106,4.68.70.106,62.115.137.232,62.115.137.232,62.115.137.232,62.115.142.47,62.115.142.47,62.115.142.47,80.239.216.128,80.239.216.128,80.239.216.128,
122.148.3.203,202.61.133.141,192.168.1.1,192.168.1.1,192.168.1.1,203.24.101.21,203.24.101.21,203.24.101.21,202.76.170.113,202.76.170.113,202.76.170.113,202.76.170.126,202.76.170.126,202.76.170.126,122.148.4.177,122.148.4.177,122.148.4.177,122.148.3.203,122.148.3.203,122.148.3.203,
23.62.109.8,202.6.102.34,202.6.102.33,202.6.102.33,202.6.102.33,202.79.197.15,202.79.197.15,202.79.197.15,10.55.208.61,10.55.208.61,10.55.208.61,58.27.14.178,58.27.14.178,58.27.14.178,23.62.109.8,23.62.109.8,23.62.109.8,
115.112.0.21,180.233.120.30,180.233.120.1,180.233.120.1,180.233.120.1,182.19.13.6,182.19.13.6,182.19.13.6,182.19.106.200,182.19.106.200,182.19.106.200,115.112.163.105,115.112.163.105,115.112.163.105,121.240.243.206,121.240.243.206,121.240.243.206,115.112.0.21,115.112.0.21,115.112.0.21,
77.67.27.16,178.175.111.200,192.168.1.1,192.168.1.1,192.168.1.1,178.175.64.1,178.175.64.1,178.175.64.1,213.163.96.5,213.163.96.5,213.163.96.5,77.109.135.233,77.109.135.233,77.109.135.233,77.109.128.246,77.109.128.246,77.109.128.246,77.67.76.237,77.67.76.237,77.67.76.237,77.67.27.16,77.67.27.16,77.67.27.16,
62.8.89.8,41.190.138.12,41.222.0.1,41.222.0.1,41.222.0.1,41.222.0.10,41.222.0.10,41.222.0.10,41.222.1.54,41.222.1.54,41.222.1.54,197.155.94.22,197.155.94.22,197.155.94.22,197.155.94.18,197.155.94.18,197.155.94.18,197.155.94.7,197.155.94.7,197.155.94.7,41.212.1.245,41.212.1.245,41.212.1.245,41.212.2.77,41.212.2.77,41.212.2.77,62.8.89.8,62.8.89.8,62.8.89.8,
92.123.72.177,31.169.98.27,31.169.98.17,31.169.98.17,31.169.98.17,31.169.103.129,31.169.103.129,31.169.103.129,31.169.103.229,31.169.103.229,31.169.103.229,193.242.111.55,193.242.111.55,193.242.111.55,92.123.72.177,92.123.72.177,92.123.72.177,
77.67.4.25,94.198.159.5,94.198.159.1,94.198.159.1,94.198.159.1,94.198.152.2,94.198.152.2,94.198.152.2,195.69.144.34,195.69.144.34,195.69.144.34,77.67.72.109,77.67.72.109,77.67.72.109,89.149.180.130,89.149.180.130,89.149.180.130,77.67.4.25,77.67.4.25,77.67.4.25,
213.248.113.186,164.138.200.8,164.138.200.1,164.138.200.1,164.138.200.1,212.64.163.165,212.64.163.165,212.64.163.165,212.64.160.4,212.64.160.4,212.64.160.4,212.64.163.58,212.64.163.58,212.64.163.58,212.64.169.1,212.64.169.1,212.64.169.1,149.6.38.101,149.6.38.101,149.6.38.101,154.25.1.217,154.25.1.217,154.25.1.217,154.25.1.213,154.25.1.213,154.25.1.213,130.117.0.118,130.117.0.118,130.117.0.118,213.248.81.81,213.248.81.81,213.248.81.81,213.248.96.130,213.248.96.130,213.248.96.130,213.248.113.186,213.248.113.186,213.248.113.186,
213.155.158.58,31.134.103.142,31.134.103.129,31.134.103.129,31.134.103.129,31.134.103.6,31.134.103.6,31.134.103.6,31.134.103.1,31.134.103.1,31.134.103.1,195.80.164.213,195.80.164.213,195.80.164.213,62.168.110.45,62.168.110.45,62.168.110.45,213.248.89.101,213.248.89.101,213.248.89.101,62.115.136.242,62.115.136.242,62.115.136.242,80.91.249.128,80.91.249.128,80.91.249.128,213.155.158.58,213.155.158.58,213.155.158.58,
58.28.25.8,118.90.14.104,172.31.172.1,172.31.172.1,172.31.172.1,182.154.0.21,182.154.0.21,182.154.0.21,58.28.25.1,58.28.25.1,58.28.25.1,58.28.25.8,58.28.25.8,58.28.25.8,
213.155.158.58,195.140.237.1,192.168.10.1,192.168.10.1,192.168.10.1,5.39.198.29,5.39.198.29,5.39.198.29,195.140.239.237,195.140.239.237,195.140.239.237,216.66.85.25,216.66.85.25,216.66.85.25,184.105.213.241,184.105.213.241,184.105.213.241,213.248.100.21,213.248.100.21,213.248.100.21,213.155.158.58,213.155.158.58,213.155.158.58,92.242.118.157,
23.3.90.115,5.34.8.105,80.241.35.40,80.241.35.40,80.241.35.40,80.241.35.40,80.241.35.40,80.241.35.40,85.29.165.1,85.29.165.1,85.29.165.1,80.241.35.249,80.241.35.249,80.241.35.249,80.241.35.245,80.241.35.245,80.241.35.245,46.227.185.233,46.227.185.233,46.227.185.233,141.101.186.17,141.101.186.17,141.101.186.17,95.141.196.249,95.141.196.249,95.141.196.249,87.245.238.9,87.245.238.9,87.245.238.9,87.245.233.198,87.245.233.198,87.245.233.198,213.198.77.213,213.198.77.213,213.198.77.213,129.250.4.162,129.250.4.162,129.250.4.54,129.250.4.54,129.250.4.54,77.67.82.9,77.67.82.9,77.67.82.9,141.136.111.50,141.136.111.50,141.136.111.50,141.136.98.26,141.136.98.26,141.136.98.26,23.3.90.115,23.3.90.115,23.3.90.115,
200.123.198.139,200.160.12.130,200.160.13.253,200.160.13.253,200.160.13.253,200.160.0.252,200.160.0.252,200.160.0.252,200.160.0.169,200.160.0.169,200.160.0.169,187.32.53.70,187.32.53.70,187.32.53.70,201.48.44.94,201.48.44.94,201.48.44.94,201.48.45.57,201.48.45.57,201.48.45.57,201.48.45.146,201.48.45.146,201.48.45.146,201.48.48.108,201.48.48.108,201.48.48.108,201.48.48.105,201.48.48.105,201.48.48.105,201.48.48.137,201.48.48.137,201.48.48.137,201.48.45.58,201.48.45.58,201.48.45.58,201.48.46.33,201.48.46.33,201.48.46.33,195.22.219.148,195.22.219.148,195.22.219.148,195.22.219.173,195.22.219.173,195.22.219.173,200.123.198.139,200.123.198.139,200.123.198.139,
23.3.109.18,199.212.124.188,199.212.124.190,199.212.124.190,199.212.124.190,192.168.255.249,192.168.255.249,192.168.255.249,192.168.255.1,192.168.255.1,192.168.255.1,23.3.109.18,23.3.109.18,23.3.109.18,93.103.8.94,
200.40.28.43,186.53.89.233,192.168.1.1,192.168.1.1,192.168.1.1,200.40.22.10,200.40.22.10,200.40.22.10,200.40.22.65,200.40.22.65,200.40.22.65,200.40.16.114,200.40.16.114,200.40.16.114,200.40.162.5,200.40.162.5,200.40.162.5,200.40.28.1,200.40.28.1,200.40.28.1,200.40.28.43,200.40.28.43,200.40.28.43,
72.246.64.113,190.111.120.230,172.16.0.254,172.16.0.254,172.16.0.254,190.111.120.1,190.111.120.1,190.111.120.1,192.168.1.2,192.168.1.2,192.168.1.2,10.17.17.241,10.17.17.241,10.17.17.241,207.138.95.97,207.138.95.97,207.138.95.97,64.214.61.82,64.214.61.82,64.214.61.82,72.246.64.113,72.246.64.113,72.246.64.113,
87.245.216.40,91.149.136.72,192.168.9.1,192.168.9.1,192.168.9.1,10.4.0.1,10.4.0.1,10.4.0.1,213.184.238.10,213.184.238.10,213.184.238.10,178.124.168.9,178.124.168.9,178.124.168.9,93.85.80.145,93.85.80.145,93.85.80.145,93.85.80.82,87.245.237.17,87.245.237.17,87.245.237.17,87.245.233.214,87.245.233.214,87.245.233.214,87.245.216.40,87.245.216.40,87.245.216.40,
72.246.216.32,177.154.145.10,177.154.145.9,177.154.145.9,177.154.145.9,177.154.145.253,177.154.145.253,177.154.145.253,177.154.146.246,177.154.146.246,177.154.146.246,177.126.191.45,177.126.191.45,177.126.191.45,177.126.190.205,177.126.190.205,177.126.190.205,177.126.190.227,177.126.190.227,177.126.190.227,64.214.59.97,64.214.59.97,64.214.59.97,67.16.156.10,67.16.156.10,67.16.156.10,129.250.8.77,129.250.8.77,129.250.8.77,129.250.2.87,129.250.2.87,129.250.2.87,200.15.0.86,200.15.0.86,200.15.0.86,72.246.216.32,72.246.216.32,72.246.216.32,
88.221.132.56,109.105.159.195,109.105.159.193,109.105.159.193,109.105.159.193,92.43.136.105,92.43.136.105,92.43.136.105,185.44.116.161,185.44.116.161,185.44.116.161,213.133.172.33,213.133.172.33,213.133.172.33,213.133.160.150,213.133.160.150,213.133.160.150,88.221.132.56,88.221.132.56,88.221.132.56,
143.90.194.26,210.198.22.236,210.198.22.233,210.198.22.233,210.198.22.233,210.155.133.21,210.155.133.21,210.155.133.21,210.155.133.17,210.155.133.17,210.155.133.17,210.155.143.16,210.155.143.16,210.155.143.16,210.155.139.116,210.155.139.116,210.155.139.116,210.155.138.218,210.155.138.218,210.155.138.218,143.90.163.149,143.90.163.149,143.90.163.149,143.90.144.246,143.90.144.246,143.90.144.246,143.90.192.234,143.90.192.234,143.90.192.234,143.90.194.26,143.90.194.26,143.90.194.26,
2.16.52.17,91.207.120.234,91.207.120.225,91.207.120.225,91.207.120.225,91.207.120.1,91.207.120.1,91.207.120.1,85.186.202.9,85.186.202.9,85.186.202.9,84.116.224.193,84.116.224.193,84.116.224.193,84.116.224.162,84.116.224.162,84.116.224.162,84.116.216.205,84.116.216.205,84.116.216.205,84.116.133.25,84.116.133.25,84.116.133.25,213.46.173.125,213.46.173.125,213.46.173.125,2.21.246.242,2.21.246.242,2.21.246.242,2.16.52.17,2.16.52.17,2.16.52.17,
95.101.34.50,41.75.79.4,192.168.12.254,192.168.12.254,192.168.12.254,41.75.79.1,41.75.79.1,41.75.79.1,10.255.255.4,10.255.255.4,10.255.255.4,10.255.255.6,10.255.255.6,10.255.255.6,197.157.253.1,197.157.253.1,197.157.253.1,197.157.252.1,197.157.252.1,197.157.252.1,195.59.77.37,195.2.25.206,195.2.25.206,195.2.25.206,195.2.21.42,195.2.21.42,195.2.21.42,80.231.131.117,80.231.131.117,80.231.131.2,80.231.131.2,80.231.131.2,80.231.130.86,80.231.154.42,80.231.154.42,80.231.154.42,195.219.163.14,195.219.163.14,195.219.163.14,95.101.34.50,95.101.34.50,95.101.34.50,
88.221.132.56,195.43.75.226,195.43.75.225,195.43.75.225,195.43.75.225,195.43.75.60,195.43.75.60,195.43.75.60,212.73.64.121,212.73.64.121,212.73.64.121,212.73.64.233,212.73.64.233,212.73.64.233,78.25.66.37,78.25.66.37,78.25.66.37,88.221.132.56,88.221.132.56,88.221.132.56,
200.123.195.9,201.241.2.219,192.168.0.1,192.168.0.1,192.168.0.1,192.168.251.6,192.168.251.6,192.168.251.6,192.168.22.97,192.168.22.97,192.168.22.97,192.168.15.18,192.168.15.18,84.16.8.61,84.16.8.61,84.16.8.61,94.142.117.214,94.142.117.214,94.142.117.214,94.142.127.177,94.142.127.177,94.142.127.177,195.22.219.238,195.22.219.238,195.22.219.238,195.22.220.71,195.22.220.71,195.22.220.71,200.123.195.9,200.123.195.9,200.123.195.9,
92.122.212.232,213.157.218.122,213.157.218.121,213.157.218.121,213.157.218.121,213.157.217.85,213.157.217.85,213.157.217.85,80.81.192.168,80.81.192.168,80.81.192.168,92.122.212.232,92.122.212.232,92.122.212.232,
80.239.178.193,5.103.57.146,10.1.16.1,10.1.16.1,10.1.16.1,5.103.23.108,5.103.23.108,5.103.23.108,46.21.38.164,46.21.38.164,46.21.38.164,46.21.35.239,46.21.35.239,46.21.35.239,80.71.64.182,80.71.64.182,80.71.64.182,80.71.64.180,80.71.64.180,80.71.64.180,80.71.64.61,80.71.64.61,80.71.64.61,5.179.89.213,5.179.89.213,5.179.89.213,62.115.32.117,62.115.32.117,62.115.32.117,62.115.142.76,62.115.142.76,62.115.142.76,80.91.246.47,80.91.246.47,80.91.246.47,80.239.178.193,80.239.178.193,80.239.178.193,
87.245.198.170,178.130.0.30,178.130.0.1,178.130.0.1,178.130.0.1,87.245.251.61,87.245.251.61,87.245.251.61,87.245.232.233,87.245.232.233,87.245.232.233,87.245.198.170,87.245.198.170,87.245.198.170,
195.8.11.155,196.46.232.129,192.168.0.1,192.168.0.1,192.168.0.1,10.223.11.1,10.223.11.1,10.223.11.1,196.46.232.130,196.46.232.130,196.46.232.130,196.46.232.252,196.46.232.252,196.46.232.252,195.8.10.117,195.8.10.117,195.8.10.117,195.8.1.53,195.8.1.53,195.8.1.53,195.8.1.61,195.8.1.61,195.8.1.61,195.8.11.155,195.8.11.155,195.8.11.155,
62.8.89.8,80.240.194.133,10.0.0.1,10.0.0.1,10.0.0.1,80.240.194.129,80.240.194.129,80.240.194.129,217.21.112.1,217.21.112.1,217.21.112.1,80.240.202.54,80.240.202.54,80.240.202.54,196.223.21.10,196.223.21.10,196.223.21.10,41.212.2.77,41.212.2.77,41.212.2.77,62.8.89.8,62.8.89.8,62.8.89.8,196.1.95.88,
80.150.142.16,80.78.67.212,10.145.145.1,10.145.145.1,10.145.145.1,10.10.67.1,10.10.67.1,10.10.67.1,10.21.10.2,10.21.10.2,10.21.10.2,195.66.161.33,195.66.161.33,195.66.161.33,81.183.0.50,81.183.0.50,81.183.0.50,81.183.1.102,81.183.1.102,81.183.1.102,193.159.166.245,193.159.166.245,193.159.166.245,217.239.45.114,217.239.45.114,217.239.45.114,80.150.142.16,80.150.142.16,80.150.142.16,
198.47.108.57,217.28.48.254,192.168.0.16,192.168.0.16,192.168.0.16,217.28.48.225,217.28.48.225,217.28.48.225,217.28.49.26,217.28.49.26,217.28.49.26,149.14.74.1,149.14.74.1,149.14.74.1,154.25.2.1,154.25.2.1,154.25.2.1,130.117.48.169,130.117.48.169,130.117.48.169,154.54.62.189,154.54.62.189,154.54.62.189,154.54.60.249,154.54.60.249,154.54.60.249,130.117.48.142,130.117.48.142,130.117.48.142,141.136.101.237,141.136.101.237,141.136.101.237,141.136.111.61,141.136.111.61,141.136.111.61,77.67.70.166,77.67.70.166,77.67.70.166,69.31.105.150,69.31.105.150,69.31.105.150,198.47.108.57,198.47.108.57,198.47.108.57,
77.67.21.25,193.105.150.5,193.105.150.125,193.105.150.125,193.105.150.125,31.13.6.246,31.13.6.246,31.13.6.246,78.109.176.89,78.109.176.89,78.109.176.89,81.23.50.153,81.23.50.153,81.23.50.153,81.23.51.221,81.23.51.221,81.23.51.221,81.23.51.250,81.23.51.250,81.23.51.250,149.6.185.233,149.6.185.233,149.6.185.233,130.117.15.22,130.117.15.22,130.117.15.22,89.149.185.165,89.149.185.165,89.149.185.165,77.67.21.25,77.67.21.25,77.67.21.25,
46.33.68.78,195.190.136.249,195.190.136.193,195.190.136.193,195.190.136.193,213.147.115.145,213.147.115.145,213.147.115.145,213.147.96.110,213.147.96.110,213.147.96.110,212.162.29.1,212.162.29.1,212.162.29.1,4.69.151.233,4.69.151.233,4.69.151.233,141.136.102.73,141.136.102.73,141.136.102.73,89.149.183.137,89.149.183.137,89.149.183.137,46.33.68.78,46.33.68.78,46.33.68.78,
194.106.101.17,193.40.194.240,193.40.194.220,193.40.194.220,193.40.194.220,195.250.170.69,195.250.170.69,195.250.170.69,90.190.134.174,90.190.134.174,90.190.134.174,90.190.134.207,90.190.134.207,90.190.134.207,194.106.101.17,194.106.101.17,194.106.101.17,
95.180.157.145,151.236.245.166,10.10.10.1,10.10.10.1,10.10.10.1,192.168.150.18,192.168.150.18,192.168.150.18,151.236.244.1,151.236.244.1,151.236.244.1,85.30.111.13,85.30.111.13,85.30.111.13,217.16.64.165,217.16.64.165,217.16.64.165,217.16.64.134,217.16.64.134,217.16.64.134,85.30.110.106,85.30.110.106,85.30.110.106,95.180.157.145,95.180.157.145,95.180.157.145,
23.15.5.128,186.148.212.4,186.148.212.1,186.148.212.1,186.148.212.1,190.171.9.2,190.171.9.2,190.171.9.2,196.40.50.9,196.40.50.9,196.40.50.9,144.224.115.133,144.224.115.133,144.224.115.133,144.232.3.51,144.232.3.51,144.232.3.51,144.232.6.18,144.232.6.18,144.232.6.18,63.172.25.2,63.172.25.2,63.172.25.2,23.15.5.128,23.15.5.128,23.15.5.128,
88.221.132.169,89.28.160.26,89.28.160.62,89.28.160.62,89.28.160.62,89.28.160.231,89.28.160.231,89.28.160.231,87.226.216.13,87.226.216.13,87.226.216.13,95.167.95.223,95.167.95.223,95.167.95.223,213.248.99.185,213.248.99.185,213.248.99.185,62.115.36.162,62.115.36.162,62.115.36.162,88.221.132.169,88.221.132.169,88.221.132.169,
80.239.247.9,77.221.45.253,192.168.55.1,192.168.55.1,192.168.55.1,77.221.45.254,77.221.45.254,77.221.45.254,46.107.24.1,46.107.24.1,46.107.24.1,81.183.0.197,81.183.0.197,81.183.0.197,193.159.167.65,193.159.167.65,193.159.167.65,217.5.95.62,217.5.95.62,217.5.95.62,213.248.97.101,213.248.97.101,213.248.97.101,62.115.142.68,62.115.142.68,62.115.142.68,80.91.246.31,80.91.246.31,80.91.246.31,213.155.137.227,213.155.137.227,213.155.137.227,80.239.247.9,80.239.247.9,80.239.247.9,
125.56.218.11,131.112.36.149,131.112.36.129,131.112.36.129,131.112.36.129,131.112.36.252,131.112.36.252,131.112.36.252,131.112.255.222,131.112.255.222,131.112.255.222,150.99.186.229,150.99.186.229,150.99.186.229,150.99.2.54,150.99.2.54,150.99.2.54,210.171.224.201,210.171.224.201,210.171.224.201,125.56.218.11,125.56.218.11,125.56.218.11,
91.245.214.26,91.148.109.66,10.9.8.25,10.9.8.25,10.9.8.25,91.148.109.65,91.148.109.65,91.148.109.65,194.106.168.235,194.106.168.235,194.106.168.235,193.105.163.12,193.105.163.12,193.105.163.12,91.245.214.26,91.245.214.26,91.245.214.26,
88.221.132.56,109.237.2.210,192.168.25.5,192.168.25.5,192.168.25.5,194.186.22.193,194.186.22.193,194.186.22.193,62.141.76.225,62.141.76.225,62.141.76.225,62.141.76.225,62.141.76.225,62.141.76.225,166.63.220.65,166.63.220.65,166.63.220.65,213.248.81.53,213.248.81.53,213.248.81.53,80.91.249.218,80.91.249.218,80.91.249.218,213.155.133.187,213.155.133.187,213.155.133.187,62.115.36.162,62.115.36.162,62.115.36.162,88.221.132.56,88.221.132.56,88.221.132.56,
23.14.92.99,212.126.98.62,192.168.1.1,192.168.1.1,192.168.1.1,212.126.98.61,212.126.98.61,212.126.98.61,85.132.80.213,85.132.80.213,85.132.80.213,80.81.192.28,80.81.192.28,80.81.192.28,23.14.92.99,23.14.92.99,23.14.92.99,
81.167.38.91,37.44.185.99,37.44.185.97,37.44.185.97,37.44.185.97,10.57.0.1,10.57.0.1,10.57.0.1,37.44.186.1,37.44.186.1,37.44.186.1,37.44.186.70,37.44.186.70,37.44.186.70,81.167.46.68,81.167.46.68,81.167.46.68,79.160.112.235,79.160.112.235,79.160.112.235,81.167.38.91,81.167.38.91,81.167.38.91,
92.123.72.175,185.7.185.230,185.7.185.229,185.7.185.229,185.7.185.229,31.193.217.1,31.193.217.1,31.193.217.1,193.242.111.55,193.242.111.55,193.242.111.55,92.123.72.175,92.123.72.175,92.123.72.175,
88.221.132.27,195.250.76.199,195.250.76.221,195.250.76.221,195.250.76.221,109.68.121.17,109.68.121.17,109.68.121.17,92.43.140.146,92.43.140.146,92.43.140.146,185.44.116.161,185.44.116.161,185.44.116.161,213.133.172.33,213.133.172.33,213.133.172.33,213.133.160.146,213.133.160.146,213.133.160.146,88.221.132.27,88.221.132.27,88.221.132.27,
88.221.132.27,81.89.208.86,81.89.208.85,81.89.208.85,81.89.208.85,81.89.208.81,81.89.208.81,81.89.208.81,91.103.63.169,91.103.63.169,91.103.63.169,92.51.64.213,92.51.64.213,92.51.64.213,212.162.46.145,212.162.46.145,212.162.46.145,4.69.143.126,4.69.143.126,4.69.143.126,4.69.154.200,4.69.154.200,4.69.154.200,4.68.70.106,4.68.70.106,4.68.70.106,62.115.137.228,62.115.137.228,62.115.137.228,80.91.246.213,80.91.246.213,80.91.246.213,80.91.253.219,80.91.253.219,80.91.253.219,62.115.36.162,62.115.36.162,62.115.36.162,88.221.132.27,88.221.132.27,88.221.132.27,
92.122.126.32,81.90.48.118,81.90.48.117,81.90.48.117,81.90.48.117,81.90.48.2,81.90.48.2,81.90.48.2,212.13.37.241,212.13.37.241,212.13.37.241,195.22.3.241,195.22.3.241,195.22.3.241,195.22.9.58,195.22.9.58,195.22.9.58,195.8.86.205,195.8.86.205,195.8.86.205,195.66.236.168,195.66.236.168,195.66.236.168,92.122.126.32,92.122.126.32,92.122.126.32,
46.33.68.102,83.175.86.108,83.175.86.1,83.175.86.1,83.175.86.1,83.175.64.50,83.175.64.50,83.175.64.50,77.67.73.141,77.67.73.141,77.67.73.141,46.33.68.102,46.33.68.102,46.33.68.102,
23.62.157.9,144.120.64.189,144.120.64.190,144.120.64.190,144.120.64.190,144.120.3.26,144.120.3.26,144.120.3.26,144.120.3.17,144.120.3.17,144.120.3.17,144.120.199.254,144.120.199.254,144.120.199.254,144.120.4.73,144.120.4.73,144.120.4.73,202.158.204.193,202.158.204.193,202.158.204.193,202.158.194.225,202.158.194.225,202.158.194.225,202.158.194.50,202.158.194.50,202.158.194.50,202.158.194.214,202.158.194.214,202.158.194.214,113.197.15.90,113.197.15.90,113.197.15.90,113.197.15.89,113.197.15.89,113.197.15.89,218.100.76.16,218.100.76.16,218.100.76.16,23.62.157.9,23.62.157.9,23.62.157.9,
184.50.85.100,202.41.148.126,202.41.148.2,202.41.148.2,202.41.148.2,210.18.63.141,210.18.63.141,210.18.63.141,119.227.108.167,119.227.108.167,119.227.108.167,119.227.4.185,119.227.4.185,119.227.4.185,119.227.203.181,119.227.203.181,119.227.203.181,124.7.237.85,124.7.237.85,124.7.237.85,119.227.129.18,119.227.129.18,119.227.129.18,202.79.197.102,202.79.197.102,202.79.197.102,184.50.85.100,184.50.85.100,184.50.85.100,
194.106.101.16,159.253.17.190,159.253.17.251,159.253.17.251,159.253.17.251,194.106.103.177,194.106.103.177,194.106.103.177,90.190.134.120,90.190.134.120,90.190.134.120,195.250.191.76,195.250.191.76,195.250.191.76,90.190.134.213,90.190.134.213,90.190.134.213,194.106.101.16,194.106.101.16,194.106.101.16,
184.86.223.32,27.54.95.253,27.54.95.254,27.54.95.254,27.54.95.254,203.170.86.13,203.170.86.13,203.170.86.13,203.176.110.245,203.176.110.245,203.176.110.245,150.207.240.175,150.207.240.175,150.207.240.175,139.130.105.205,139.130.105.205,139.130.105.205,203.50.11.113,203.50.11.113,203.50.11.113,203.50.11.92,203.50.11.92,203.50.11.92,203.50.11.17,203.50.11.17,203.50.11.17,203.50.6.213,203.50.6.213,203.50.6.213,203.50.6.184,203.50.6.184,203.50.6.184,203.50.112.51,203.50.112.51,203.50.112.51,184.86.223.32,184.86.223.32,184.86.223.32,
80.239.247.9,212.93.226.82,192.168.3.254,192.168.3.254,192.168.3.254,212.93.226.81,212.93.226.81,212.93.226.81,212.93.226.129,212.93.226.129,212.93.226.129,193.138.33.98,193.138.33.98,193.138.33.98,62.115.35.229,62.115.35.229,62.115.35.229,80.239.247.9,80.239.247.9,80.239.247.9,
190.248.3.154,190.29.79.191,192.168.0.1,192.168.0.1,192.168.0.1,10.141.44.1,10.141.44.1,10.141.44.1,10.166.41.238,10.166.41.238,10.166.41.238,10.166.41.237,10.166.41.237,10.166.41.237,190.248.3.154,190.248.3.154,190.248.3.154,
200.40.28.46,186.50.232.87,192.168.1.1,192.168.1.1,192.168.1.1,200.40.21.16,200.40.21.16,200.40.21.16,200.40.21.149,200.40.21.149,200.40.21.149,200.40.16.165,200.40.16.165,200.40.16.165,200.40.16.150,200.40.16.150,200.40.16.150,200.40.78.1,200.40.78.1,200.40.78.1,200.40.28.1,200.40.28.1,200.40.28.1,200.40.28.46,200.40.28.46,200.40.28.46,
202.124.127.105,182.54.169.130,192.168.0.1,192.168.0.1,192.168.0.1,172.99.99.1,172.99.99.1,172.99.99.1,182.54.160.218,182.54.160.218,182.54.160.218,182.54.160.182,182.54.160.182,182.54.160.182,111.69.8.181,111.69.8.181,111.69.8.181,111.69.17.44,111.69.17.44,111.69.17.44,111.69.17.45,111.69.17.45,202.124.127.105,202.124.127.105,202.124.127.105,
46.33.73.123,79.106.99.242,192.168.1.1,192.168.1.1,192.168.1.1,79.106.99.241,79.106.99.241,79.106.99.241,10.1.9.46,10.1.9.46,10.1.9.46,10.1.0.37,10.1.0.37,10.1.0.37,217.24.247.17,217.24.247.17,217.24.247.17,217.24.247.18,217.24.247.18,217.24.247.18,10.1.8.2,10.1.8.2,10.1.8.2,195.22.205.76,195.22.205.76,195.22.205.76,195.22.205.155,195.22.205.155,213.200.68.61,213.200.68.61,213.200.68.61,89.149.181.53,89.149.181.53,89.149.181.53,46.33.73.123,46.33.73.123,46.33.73.123,
190.167.241.88,190.166.23.56,10.0.1.1,10.0.1.1,10.0.1.1,10.0.0.1,10.0.0.1,10.0.0.1,172.23.24.25,172.23.24.25,172.23.24.25,172.23.24.154,172.23.24.154,172.23.24.154,190.167.241.88,190.167.241.88,190.167.241.88,
62.4.254.157,195.95.99.130,195.95.99.129,195.95.99.129,195.95.99.129,195.95.99.2,195.95.99.2,195.95.99.2,81.242.1.1,81.242.1.1,81.242.1.1,91.183.246.139,91.183.246.139,91.183.246.139,62.4.254.157,62.4.254.157,62.4.254.157,
87.245.216.40,79.110.141.133,10.100.100.1,10.100.100.1,10.100.100.1,79.110.143.250,79.110.143.250,79.110.143.250,194.9.36.222,194.9.36.222,194.9.36.222,194.9.36.226,194.9.36.226,194.9.36.226,194.44.35.53,194.44.35.53,194.44.35.53,87.245.247.21,87.245.247.21,87.245.247.21,87.245.233.214,87.245.233.214,87.245.233.214,87.245.216.40,87.245.216.40,87.245.216.40,
204.2.148.161,108.170.167.31,192.168.1.1,192.168.1.1,192.168.1.1,10.205.132.1,10.205.132.1,10.205.132.1,64.140.112.118,64.140.112.118,64.140.112.118,64.140.112.117,64.140.112.117,64.140.112.117,38.122.69.129,38.122.69.129,38.122.69.129,66.28.4.197,66.28.4.197,66.28.4.197,154.54.3.93,154.54.3.93,154.54.3.93,154.54.80.178,154.54.80.178,154.54.80.178,154.54.12.146,154.54.12.146,154.54.12.146,129.250.4.148,129.250.4.148,129.250.4.148,129.250.4.14,129.250.4.14,129.250.4.14,129.250.204.78,129.250.204.78,129.250.204.78,204.2.148.161,204.2.148.161,204.2.148.161,
46.33.68.102,217.26.161.166,217.26.161.165,217.26.161.165,217.26.161.165,149.14.58.21,149.14.58.21,149.14.58.21,154.54.75.201,154.54.75.201,154.54.75.201,154.54.57.17,154.54.57.17,154.54.57.17,130.117.51.41,130.117.51.41,130.117.51.41,130.117.48.142,130.117.48.142,130.117.48.142,141.136.101.237,141.136.101.237,141.136.101.237,46.33.68.102,46.33.68.102,46.33.68.102,
92.122.51.41,93.113.119.108,192.168.88.1,192.168.88.1,192.168.88.1,10.230.99.1,10.230.99.1,10.230.99.1,213.155.141.242,213.155.141.242,213.155.141.242,213.155.141.241,213.155.141.241,213.155.141.241,80.91.246.152,80.91.246.152,80.91.246.152,80.91.246.12,80.91.246.12,80.91.246.12,62.115.137.249,62.115.137.249,62.115.137.249,62.115.38.214,62.115.38.214,62.115.38.214,195.60.76.61,195.60.76.61,195.60.76.61,109.163.237.14,109.163.237.14,109.163.237.14,195.60.76.94,195.60.76.94,195.60.76.94,195.95.178.2,195.95.178.2,195.95.178.2,92.122.51.41,92.122.51.41,92.122.51.41,
88.221.87.138,109.224.197.145,172.26.0.254,172.26.0.254,172.26.0.254,109.224.233.250,109.224.233.250,109.224.233.250,109.224.234.81,109.224.234.81,109.224.234.81,79.135.121.201,79.135.121.201,79.135.121.201,212.187.200.149,212.187.200.149,4.69.166.150,4.69.166.150,4.69.166.150,195.50.124.26,195.50.124.26,195.50.124.26,195.2.30.61,195.2.30.61,195.2.30.61,195.2.30.113,195.2.30.113,195.2.30.113,195.2.25.122,195.2.25.122,195.2.25.122,166.63.222.54,166.63.222.54,166.63.222.54,195.89.89.86,195.89.89.86,195.89.89.86,88.221.87.138,88.221.87.138,88.221.87.138,
23.62.99.155,196.216.149.23,192.168.1.1,192.168.1.1,192.168.1.1,196.216.149.1,196.216.149.1,196.200.78.33,196.200.78.33,196.200.78.33,196.200.73.225,196.200.73.225,196.200.73.225,41.75.86.21,41.75.86.21,41.75.86.21,41.75.80.2,41.75.80.2,41.75.80.2,10.0.100.5,10.0.100.5,10.0.100.5,195.219.129.9,195.219.129.9,195.219.129.9,195.219.129.2,195.219.129.2,80.231.138.22,80.231.138.22,80.231.138.22,80.231.131.118,80.231.131.118,80.231.131.118,141.136.99.73,141.136.99.73,141.136.99.73,89.149.187.233,89.149.187.233,89.149.187.233,141.136.99.6,141.136.99.6,141.136.99.6,23.62.99.155,23.62.99.155,23.62.99.155,
212.106.219.59,188.78.144.79,192.168.1.1,192.168.1.1,192.168.1.1,188.78.144.1,188.78.144.1,188.78.144.1,10.255.5.254,10.255.5.254,10.255.5.254,212.106.217.110,212.106.217.102,212.106.217.110,212.106.217.109,212.106.219.59,212.106.219.59,212.106.219.59,
208.185.118.16,196.28.246.202,10.4.206.1,10.4.206.1,10.4.206.1,10.4.0.2,10.4.0.2,10.4.0.2,196.28.246.201,196.28.246.201,196.28.246.201,212.52.137.97,212.52.137.97,212.52.137.97,206.82.130.173,206.82.130.173,206.82.130.173,212.52.136.206,212.52.136.206,212.52.136.206,80.231.76.229,80.231.76.229,80.231.76.229,80.231.76.122,195.219.83.26,195.219.83.26,195.219.83.26,64.125.21.9,64.125.21.9,64.125.21.9,64.125.20.73,64.125.30.66,64.125.30.66,64.125.30.66,208.185.118.16,208.185.118.16,208.185.118.16,
77.67.40.16,41.222.192.58,192.168.19.1,192.168.19.1,192.168.19.1,41.222.192.45,41.222.192.45,41.222.192.45,41.222.192.254,41.222.192.254,41.222.192.254,149.6.184.1,149.6.184.1,149.6.184.1,154.54.74.109,154.54.74.109,154.54.74.109,130.117.15.22,130.117.15.22,130.117.15.22,77.67.40.16,77.67.40.16,77.67.40.16,
111.91.122.11,111.91.51.102,111.91.51.101,111.91.51.101,111.91.51.101,123.108.224.113,123.108.224.113,123.108.224.113,111.91.122.11,111.91.122.11,111.91.122.11,
87.245.216.40,78.26.187.231,78.26.176.1,78.26.176.1,78.26.176.1,10.1.0.50,10.1.0.50,10.1.0.50,195.245.118.1,195.245.118.1,195.245.118.1,194.44.6.93,194.44.6.93,194.44.6.93,87.245.247.21,87.245.247.21,87.245.247.21,87.245.233.214,87.245.233.214,87.245.233.214,87.245.216.40,87.245.216.40,87.245.216.40,
190.210.62.8,190.2.0.55,10.4.26.1,10.4.26.1,10.4.26.1,190.210.62.8,190.210.62.8,190.210.62.8,
2.20.182.19,95.82.137.249,10.10.10.2,10.10.10.2,10.10.10.2,95.82.137.194,95.82.137.194,95.82.137.194,83.240.3.221,83.240.3.221,83.240.3.221,83.240.1.42,83.240.1.42,83.240.1.42,83.240.0.114,83.240.0.114,83.240.0.114,83.240.1.46,83.240.1.46,83.240.1.46,195.39.49.105,195.39.49.105,195.39.49.105,193.203.0.168,2.20.182.19,2.20.182.19,2.20.182.19,
90.84.59.115,195.189.64.118,195.189.64.113,195.189.64.113,195.189.64.113,195.189.64.97,195.189.64.97,195.189.64.97,195.189.64.186,195.189.64.186,195.189.64.186,83.167.60.160,83.167.60.160,83.167.60.160,83.167.55.12,83.167.55.12,83.167.55.12,83.167.55.22,83.167.55.22,83.167.55.22,193.251.254.49,193.251.254.49,193.251.254.49,193.251.128.229,193.251.128.229,193.251.128.229,193.251.242.219,193.251.242.219,193.251.242.219,90.84.59.115,90.84.59.115,90.84.59.115,
23.15.5.128,74.222.88.38,192.168.10.1,192.168.10.1,192.168.10.1,74.222.88.37,74.222.88.37,74.222.88.37,216.144.80.214,216.144.80.214,216.144.80.214,198.207.22.21,198.207.22.21,198.207.22.21,198.207.22.229,198.207.22.229,198.207.22.229,144.223.65.97,144.223.65.97,144.223.65.97,144.232.28.70,144.232.28.70,144.232.28.70,144.232.6.18,144.232.6.18,144.232.6.18,63.172.25.2,63.172.25.2,63.172.25.2,23.15.5.128,23.15.5.128,23.15.5.128,
184.85.223.9,185.25.200.130,172.24.29.1,172.24.29.1,172.24.29.1,172.18.243.11,172.18.243.11,172.18.243.11,172.18.242.14,172.18.242.14,172.18.242.14,172.18.242.6,172.18.242.6,172.18.242.6,212.50.202.20,212.50.202.20,212.50.202.20,212.50.223.28,212.50.223.28,212.50.223.28,82.141.110.10,82.141.110.10,82.141.110.10,82.141.110.6,82.141.110.6,82.141.110.6,212.50.223.33,212.50.223.33,212.50.223.33,212.50.223.108,212.50.223.108,212.50.223.108,212.50.223.164,212.50.223.164,212.50.223.164,139.97.71.37,139.97.71.37,139.97.71.37,139.97.6.242,139.97.6.242,139.97.6.242,213.192.191.53,213.192.191.53,213.192.191.53,213.192.184.201,213.192.184.201,213.192.184.201,194.68.123.170,194.68.123.170,194.68.123.170,184.85.223.9,184.85.223.9,184.85.223.9,
80.239.137.146,145.58.203.101,172.17.8.2,172.17.8.2,172.17.8.2,172.17.8.8,172.17.8.8,172.17.8.8,145.58.128.117,145.58.128.117,145.58.128.117,145.58.128.158,145.58.128.158,145.58.128.158,145.58.255.153,145.58.255.153,145.58.255.153,145.58.254.249,145.58.254.249,145.58.254.249,145.58.253.82,145.58.253.82,145.58.253.82,78.152.39.154,78.152.39.154,78.152.39.154,78.152.44.77,78.152.44.77,78.152.44.77,78.152.45.69,78.152.45.69,78.152.45.69,80.239.161.45,80.239.161.45,80.239.161.45,80.91.247.66,80.91.247.66,80.91.247.66,213.155.134.43,213.155.134.43,213.155.134.43,80.239.137.146,80.239.137.146,80.239.137.146,
213.248.108.147,85.198.19.229,192.168.0.1,192.168.0.1,192.168.0.1,85.198.19.225,85.198.19.225,85.198.19.225,192.168.53.129,192.168.53.130,192.168.53.130,192.168.53.130,85.198.11.218,85.198.11.218,85.198.11.218,10.10.53.233,10.10.53.233,10.10.53.233,89.221.34.196,89.221.34.196,89.221.34.196,195.22.214.71,195.22.214.71,195.22.214.71,195.22.214.71,195.22.214.71,195.22.214.71,213.248.68.189,213.248.68.189,213.248.68.189,62.115.142.16,62.115.142.16,62.115.142.16,62.115.137.253,62.115.137.253,62.115.137.253,213.248.108.147,213.248.108.147,213.248.108.147,
195.59.126.203,41.138.48.12,192.168.1.254,192.168.1.254,192.168.1.254,41.138.48.9,41.138.48.9,41.138.48.9,192.168.69.2,192.168.69.2,192.168.69.2,80.231.76.233,80.231.76.233,80.231.76.233,80.231.62.25,80.231.62.25,80.231.62.25,195.2.21.41,195.2.21.41,195.2.21.41,195.2.30.62,195.2.30.62,195.2.30.62,195.59.126.203,195.59.126.203,195.59.126.203,
200.44.23.201,186.91.171.214,192.168.0.1,192.168.0.1,192.168.0.1,186.91.160.1,186.91.160.1,186.91.160.1,172.16.183.1,172.16.183.1,172.16.183.1,10.82.0.173,10.82.0.173,10.82.0.173,10.127.66.229,10.127.66.229,10.127.66.229,10.150.0.14,10.150.0.14,10.150.0.14,200.44.23.201,200.44.23.201,200.44.23.201,
184.50.85.100,210.4.64.36,210.4.64.1,210.4.64.1,210.4.64.1,210.4.77.129,210.4.77.129,210.4.77.129,210.4.78.221,210.4.78.221,210.4.78.221,103.7.248.61,103.7.248.61,103.7.248.61,103.7.251.125,103.7.251.125,103.7.251.125,103.7.251.118,103.7.251.118,103.7.251.118,202.79.197.102,202.79.197.102,202.79.197.102,184.50.85.100,184.50.85.100,184.50.85.100,83.215.226.25,
80.239.159.58,89.9.188.157,192.168.0.1,192.168.0.1,192.168.0.1,212.169.119.112,212.169.119.112,212.169.119.112,212.169.119.115,212.169.119.115,212.169.119.115,212.45.171.196,212.45.171.196,212.45.171.196,212.45.171.210,212.45.171.210,212.45.171.210,212.169.68.25,212.169.68.25,212.169.68.25,212.169.68.42,212.169.68.42,212.169.68.42,80.239.159.58,80.239.159.58,80.239.159.58,
213.155.158.80,88.212.40.17,192.168.2.1,192.168.2.1,192.168.2.1,10.0.118.1,10.0.118.1,10.0.118.1,88.212.4.21,88.212.4.21,88.212.4.21,88.212.0.166,88.212.0.166,88.212.0.166,80.239.195.121,80.239.195.121,80.239.195.121,80.91.254.51,80.91.254.51,80.91.254.51,80.91.249.226,80.91.249.226,80.91.249.226,213.155.158.80,213.155.158.80,213.155.158.80,
195.175.114.90,78.166.98.78,192.168.1.1,192.168.1.1,192.168.1.1,78.166.96.1,78.166.96.1,78.166.96.1,81.212.78.93,81.212.78.93,81.212.78.93,81.212.220.85,81.212.220.85,81.212.220.85,195.175.170.137,195.175.114.90,195.175.114.90,195.175.114.90,
87.244.108.73,46.235.130.2,192.168.103.1,192.168.103.1,192.168.103.1,
82.178.158.32,5.145.113.30,192.168.88.1,192.168.88.1,192.168.88.1,10.10.10.14,10.10.10.14,10.10.10.14,172.20.4.2,172.20.4.2,172.20.4.2,172.20.1.1,172.20.1.1,172.20.1.1,172.16.11.1,172.16.11.1,172.16.11.1,172.16.18.17,172.16.18.17,172.16.18.17,217.219.106.141,217.219.106.141,217.219.106.141,5.190.1.217,5.190.1.217,5.190.1.217,5.190.1.22,5.190.1.22,5.190.1.22,5.190.8.178,5.190.8.178,5.190.8.178,10.175.175.3,10.175.175.3,10.175.175.3,217.218.154.250,217.218.154.250,217.218.154.250,10.10.53.30,10.10.53.30,10.10.53.30,10.10.36.218,10.10.36.218,10.10.36.218,62.208.212.145,62.208.212.145,62.208.212.145,195.2.10.94,195.2.10.94,195.2.10.94,166.63.204.182,166.63.204.182,166.63.204.182,62.75.3.222,62.75.3.222,62.75.3.222,82.178.33.97,82.178.33.97,82.178.33.97,82.178.33.106,82.178.33.106,82.178.33.106,82.178.158.32,82.178.158.32,82.178.158.32,
92.122.126.32,196.200.113.228,196.200.113.225,196.200.113.225,196.200.113.225,196.200.124.25,196.200.124.25,196.200.124.25,196.36.50.153,196.36.50.153,196.36.50.153,168.209.246.3,168.209.246.3,168.209.246.3,195.66.236.168,195.66.236.168,195.66.236.168,92.122.126.32,92.122.126.32,92.122.126.32,
210.157.200.248,119.31.130.238,192.168.11.1,192.168.11.1,192.168.11.1,210.157.202.106,210.157.202.106,210.157.202.106,210.157.202.105,210.157.202.105,210.157.202.105,192.168.224.17,192.168.224.17,192.168.224.17,192.168.181.82,192.168.181.82,192.168.181.82,210.157.200.248,210.157.200.248,210.157.200.248,
23.76.204.130,103.6.131.59,103.6.131.62,103.6.131.62,103.6.131.62,103.6.131.248,103.6.131.248,103.6.131.248,202.40.161.95,202.40.161.95,202.40.161.95,23.76.204.130,23.76.204.130,23.76.204.130,
42.99.128.176,103.15.180.250,103.15.180.249,103.15.180.249,103.15.180.249,10.255.255.57,10.255.255.57,10.255.255.57,103.15.181.98,103.15.181.98,103.15.181.98,10.255.255.41,10.255.255.41,10.255.255.41,10.255.255.10,10.255.255.10,10.255.255.10,61.8.40.97,61.8.40.97,61.8.40.97,202.147.16.197,202.147.16.197,202.147.16.197,61.14.157.105,61.14.157.105,61.14.157.105,61.14.158.57,61.14.158.57,61.14.158.57,42.99.128.176,42.99.128.176,42.99.128.176,
210.61.248.90,114.37.103.125,168.95.98.254,168.95.98.254,168.95.98.254,168.95.72.14,168.95.72.14,168.95.72.14,220.128.8.222,220.128.8.222,220.128.8.222,220.128.18.5,220.128.18.5,220.128.18.5,220.128.18.141,220.128.18.141,220.128.18.141,220.128.18.73,220.128.18.73,220.128.18.73,211.22.226.221,211.22.226.221,211.22.226.221,210.61.248.90,210.61.248.90,210.61.248.90,
213.248.113.144,185.32.189.9,185.32.189.254,185.32.189.254,185.32.189.254,195.22.19.77,195.22.19.77,195.22.19.77,80.231.158.17,80.231.158.17,80.231.158.17,80.231.158.30,80.231.158.30,80.231.158.30,80.231.138.22,80.231.138.22,80.231.138.22,80.231.131.118,80.231.131.118,80.231.131.118,62.115.9.173,62.115.9.173,62.115.9.173,80.91.246.146,80.91.246.146,80.91.246.146,80.91.246.177,80.91.246.177,80.91.246.177,80.91.248.131,80.91.248.131,80.91.248.131,213.248.96.130,213.248.96.130,213.248.96.130,213.248.113.144,213.248.113.144,213.248.113.144,
210.61.248.90,1.160.163.83,192.168.1.1,192.168.1.1,192.168.1.1,168.95.98.254,168.95.98.254,168.95.98.254,168.95.83.50,168.95.83.50,168.95.83.50,220.128.3.134,220.128.3.134,220.128.3.134,220.128.18.37,220.128.18.37,220.128.18.37,220.128.18.141,220.128.18.141,220.128.18.141,220.128.18.29,220.128.18.29,220.128.18.29,211.22.226.221,211.22.226.221,211.22.226.221,210.61.248.90,210.61.248.90,210.61.248.90,
81.218.31.178,109.67.114.166,192.168.0.1,192.168.0.1,192.168.0.1,212.179.37.1,212.179.37.1,212.179.37.1,212.179.14.38,212.179.14.38,212.179.14.38,212.25.77.2,212.25.77.2,212.25.77.2,62.219.189.186,62.219.189.186,62.219.189.186,81.218.31.178,81.218.31.178,81.218.31.178,
79.140.94.210,134.0.56.14,172.30.13.1,172.30.13.1,172.30.13.1,10.254.254.242,10.254.254.242,10.254.254.242,79.140.94.210,79.140.94.210,79.140.94.210,
23.200.86.158,89.93.53.190,192.168.1.254,192.168.1.254,192.168.1.254,89.93.53.1,89.93.53.1,89.93.53.1,80.236.6.34,80.236.6.34,80.236.6.34,80.236.0.246,80.236.0.246,80.236.0.246,80.236.0.241,80.236.0.241,80.236.0.241,212.194.173.120,212.194.173.120,212.194.171.70,212.194.171.70,212.194.171.70,62.34.0.98,62.34.0.98,62.34.0.98,23.200.86.158,23.200.86.158,23.200.86.158,95.156.169.156,
184.50.85.100,103.22.170.6,103.22.170.1,103.22.170.1,103.22.170.1,103.22.168.26,103.22.168.26,103.22.168.26,202.79.197.102,202.79.197.102,202.79.197.102,184.50.85.100,184.50.85.100,184.50.85.100,
213.248.113.144,196.200.131.136,196.200.131.129,196.200.131.129,196.200.131.129,196.200.131.133,196.200.131.133,196.200.131.133,196.200.163.253,196.200.163.253,196.200.163.253,196.200.129.134,196.200.129.134,196.200.129.133,196.200.129.133,196.200.129.133,196.200.129.130,196.200.129.130,196.200.129.130,149.6.151.201,149.6.151.201,149.6.151.201,130.117.0.58,130.117.0.58,130.117.0.58,130.117.0.102,130.117.0.102,130.117.0.102,213.248.81.81,213.248.81.81,213.248.81.81,213.248.96.130,213.248.96.130,213.248.96.130,213.248.113.144,213.248.113.144,213.248.113.144,
23.60.69.105,217.138.20.162,10.63.74.1,10.63.74.1,10.63.74.1,217.138.20.161,217.138.20.161,217.138.20.161,217.138.74.66,217.138.74.66,217.138.74.66,217.138.74.75,217.138.74.75,217.138.74.75,217.138.74.76,217.138.74.76,217.138.74.76,217.138.74.33,217.138.74.33,217.138.74.33,217.138.74.35,217.138.74.35,217.138.74.35,217.138.74.37,217.138.74.37,217.138.74.37,217.138.74.82,217.138.74.82,217.138.74.82,212.187.138.153,212.187.138.153,212.187.138.153,4.69.162.222,4.69.162.222,4.69.162.222,4.68.70.98,4.68.70.98,4.68.70.98,141.136.111.50,141.136.111.50,141.136.111.50,141.136.98.26,141.136.98.26,141.136.98.26,23.60.69.105,23.60.69.105,23.60.69.105,
62.154.232.59,80.80.166.117,91.187.111.1,91.187.111.1,91.187.111.1,10.255.230.234,10.255.230.234,10.255.230.234,10.255.230.149,10.255.230.149,10.255.230.149,193.77.236.177,193.77.236.177,193.77.236.177,212.162.46.169,212.162.46.169,212.162.46.169,4.69.143.126,4.69.143.126,4.69.143.126,4.68.62.142,4.68.62.142,4.68.62.142,62.154.15.2,62.154.15.2,62.154.15.2,62.154.232.59,62.154.232.59,62.154.232.59,
23.3.90.114,88.83.55.196,192.168.254.254,192.168.254.254,192.168.254.254,46.236.64.177,46.236.64.177,46.236.64.177,194.68.128.170,194.68.128.170,194.68.128.170,23.3.90.114,23.3.90.114,23.3.90.114,
41.193.163.40,41.218.68.234,10.10.1.1,10.10.1.1,10.10.1.1,41.218.68.233,41.218.68.233,41.218.68.233,41.218.64.93,41.218.64.93,41.218.64.93,41.218.64.95,41.218.64.95,41.218.64.95,41.218.64.38,41.218.64.38,41.218.64.38,41.218.64.123,41.218.64.123,41.218.64.123,41.218.64.125,41.218.64.125,41.218.64.125,41.218.64.132,41.218.64.132,41.218.64.132,41.218.64.170,41.218.64.170,41.218.64.170,41.218.64.56,41.218.64.56,41.218.64.56,41.218.64.98,41.218.64.98,41.218.64.98,196.1.28.123,196.1.28.123,196.1.28.123,41.218.88.56,41.218.88.56,41.218.88.56,196.46.25.212,196.46.25.212,196.46.25.212,41.193.163.40,41.193.163.40,41.193.163.40,
23.62.99.155,196.216.149.23,192.168.1.1,192.168.1.1,192.168.1.1,196.216.149.1,196.216.149.1,196.200.78.33,196.200.78.33,196.200.78.33,196.200.73.225,196.200.73.225,196.200.73.225,41.75.86.21,41.75.86.21,41.75.86.21,41.75.80.2,41.75.80.2,41.75.80.2,10.0.100.5,10.0.100.5,10.0.100.5,195.219.129.9,195.219.129.9,195.219.129.9,195.219.129.2,195.219.129.2,195.219.129.2,80.231.138.22,80.231.138.22,80.231.138.22,80.231.131.118,80.231.131.118,80.231.131.118,141.136.99.73,141.136.99.73,141.136.99.73,89.149.187.233,89.149.187.233,89.149.187.233,141.136.99.6,141.136.99.6,141.136.99.6,23.62.99.155,23.62.99.155,23.62.99.155,
41.193.163.40,196.47.75.6,192.168.1.1,192.168.1.1,192.168.1.1,196.47.75.5,196.47.75.5,196.47.75.5,196.47.70.2,196.47.70.2,196.47.70.2,196.47.64.66,196.47.64.66,196.47.64.66,197.234.74.24,197.234.74.24,197.234.74.24,41.218.64.66,41.218.64.66,41.218.64.66,196.1.28.123,196.1.28.123,196.1.28.123,41.218.88.56,41.218.88.56,41.218.88.56,196.46.25.212,196.46.25.212,196.46.25.212,41.193.163.40,41.193.163.40,41.193.163.40,
5.178.42.137,213.55.95.146,10.6.13.1,10.6.13.1,10.6.13.1,10.1.0.74,10.1.0.74,10.1.0.74,10.78.0.100,10.78.0.100,10.78.0.100,10.133.193.243,10.133.193.243,10.133.193.243,10.1.0.1,10.1.0.1,10.1.0.1,41.87.97.173,41.87.97.173,105.16.9.233,105.16.9.233,105.16.9.233,105.16.8.242,105.16.8.242,105.16.8.242,105.16.34.253,105.16.34.253,105.16.34.253,213.130.48.217,213.130.48.217,213.130.48.217,129.250.3.30,129.250.3.30,129.250.3.30,89.221.43.76,89.221.43.76,89.221.43.76,213.144.177.209,213.144.177.209,213.144.177.209,5.178.42.137,5.178.42.137,5.178.42.137,
220.233.2.201,103.247.0.5,10.172.192.1,10.172.192.1,10.172.192.1,103.247.0.1,103.247.0.1,103.247.0.1,103.17.221.26,103.17.221.26,103.17.221.26,103.17.221.238,103.17.221.238,103.17.221.238,103.17.220.234,103.17.220.234,103.17.220.234,218.100.52.42,218.100.52.42,218.100.52.42,10.1.23.27,10.1.23.27,10.1.23.27,220.233.2.201,220.233.2.201,220.233.2.201,
119.161.91.25,124.243.144.2,192.168.178.1,192.168.178.1,192.168.178.1,175.45.72.14,175.45.72.14,175.45.72.14,175.45.72.113,175.45.72.113,175.45.72.113,175.45.72.79,175.45.72.79,175.45.72.79,175.45.72.77,175.45.72.77,175.45.72.77,119.161.91.25,119.161.91.25,119.161.91.25,
210.55.201.201,119.161.60.19,119.161.60.1,119.161.60.1,119.161.60.1,202.68.67.229,202.68.67.229,202.68.67.229,202.68.67.118,202.68.67.118,202.68.67.118,210.55.201.201,210.55.201.201,210.55.201.201,
119.224.129.210,113.197.96.17,172.31.2.1,172.31.2.1,172.31.2.1,192.168.1.1,192.168.1.1,192.168.1.1,113.197.96.18,113.197.96.18,113.197.96.18,103.9.216.18,103.9.216.18,103.9.216.18,103.9.216.19,103.9.216.19,103.9.216.19,192.203.154.46,192.203.154.46,192.203.154.46,101.98.3.112,101.98.3.112,101.98.3.112,119.224.129.193,119.224.129.193,119.224.129.193,119.224.129.210,119.224.129.210,119.224.129.210,
2.16.216.155,37.139.112.162,192.168.3.1,192.168.3.1,192.168.3.1,37.139.112.1,37.139.112.1,37.139.112.1,192.168.3.1,192.168.3.1,192.168.3.1,10.128.128.129,10.128.128.129,10.128.128.129,10.128.128.1,10.128.128.1,10.128.128.1,37.26.81.105,37.26.81.105,37.26.81.105,78.87.127.57,78.87.127.57,78.87.127.57,78.87.2.222,78.87.2.222,78.87.2.222,213.144.178.181,213.144.178.181,213.144.178.181,89.221.34.34,89.221.34.34,89.221.34.34,89.221.34.234,89.221.34.234,89.221.34.234,2.16.216.155,2.16.216.155,2.16.216.155,
23.62.157.10,60.241.42.8,10.11.12.254,10.11.12.254,10.11.12.254,10.20.20.248,10.20.20.248,10.20.20.248,203.29.142.249,203.29.142.249,203.29.142.249,203.219.166.3,203.219.166.3,203.219.166.3,218.100.0.86,218.100.0.86,218.100.0.86,23.62.157.10,23.62.157.10,23.62.157.10,
5.22.191.217,77.77.192.120,77.77.192.1,77.77.192.1,77.77.192.1,89.216.8.146,89.216.8.146,89.216.8.146,89.216.8.146,89.216.8.146,89.216.8.146,5.22.191.217,5.22.191.217,5.22.191.217,
61.19.12.16,202.12.73.119,172.30.80.1,172.30.80.1,172.30.80.1,192.168.0.70,192.168.0.70,192.168.0.70,192.168.0.101,192.168.0.101,192.168.0.101,202.28.221.45,202.28.221.45,202.28.221.45,202.28.212.53,202.28.212.53,202.28.212.53,61.19.7.37,61.19.7.37,61.19.7.37,61.19.9.78,61.19.9.78,61.19.9.78,61.19.12.16,61.19.12.16,61.19.12.16,
165.165.47.11,155.239.161.2,155.239.161.1,155.239.161.1,155.239.161.1,196.25.10.133,196.25.10.133,196.25.10.133,196.43.52.38,196.43.52.38,196.43.52.38,196.43.26.106,196.43.26.106,196.43.26.106,165.165.47.11,165.165.47.11,165.165.47.11,
202.76.239.9,124.158.236.216,172.31.0.1,172.31.0.1,172.31.0.1,124.158.236.222,124.158.236.222,124.158.236.222,124.158.237.61,124.158.237.61,124.158.237.61,61.11.211.176,61.11.211.176,61.11.211.176,202.76.239.9,202.76.239.9,202.76.239.9,
219.76.10.49,42.2.156.159,10.116.21.254,10.116.21.254,10.116.21.254,10.116.11.254,10.116.11.254,10.116.11.254,58.153.236.254,58.153.236.254,58.153.236.254,10.193.233.117,10.193.233.117,10.193.233.117,203.198.6.86,203.198.6.86,203.198.6.86,219.76.10.49,219.76.10.49,219.76.10.49,
2.20.44.40,185.31.158.253,82.102.4.1,82.102.4.1,82.102.4.1,81.92.223.109,81.92.223.109,81.92.223.109,81.92.223.97,81.92.223.97,81.92.223.97,149.6.144.193,149.6.144.193,149.6.144.193,154.54.56.222,154.54.56.222,154.54.56.222,154.54.61.249,154.54.61.249,154.54.61.249,130.117.14.222,130.117.14.222,130.117.14.222,81.19.109.210,81.19.109.210,81.19.109.210,2.20.44.40,2.20.44.40,2.20.44.40,
213.191.147.216,141.136.190.17,192.168.5.1,192.168.5.1,192.168.5.1,213.191.132.171,213.191.132.171,213.191.132.171,89.164.86.66,89.164.86.66,89.164.86.66,89.164.86.64,89.164.86.64,89.164.86.64,213.191.147.216,213.191.147.216,213.191.147.216,
195.8.11.147,197.148.56.126,192.168.1.1,192.168.1.1,192.168.1.1,196.202.252.59,196.202.252.59,196.202.252.59,196.202.252.14,196.202.252.14,196.202.252.14,66.110.118.225,66.110.118.225,66.110.118.225,192.168.160.2,192.168.160.2,192.168.160.2,195.8.10.241,195.8.10.241,195.8.10.241,195.8.1.53,195.8.1.53,195.8.1.53,195.8.1.61,195.8.1.61,195.8.1.61,195.8.11.147,195.8.11.147,195.8.11.147,
92.122.126.9,197.221.80.206,197.221.80.205,197.221.80.205,197.221.80.205,196.14.240.2,196.14.240.2,196.14.240.2,196.36.50.153,196.36.50.153,196.36.50.153,168.209.246.66,168.209.246.66,168.209.246.66,195.66.236.168,195.66.236.168,195.66.236.168,92.122.126.9,92.122.126.9,92.122.126.9,
77.109.171.107,81.29.249.90,192.168.1.1,192.168.1.1,192.168.1.1,172.16.1.4,172.16.1.4,172.16.1.4,172.16.1.1,172.16.1.1,172.16.1.1,172.16.21.193,172.16.21.193,172.16.21.193,172.16.254.9,172.16.254.9,172.16.254.9,10.51.164.29,10.51.164.29,10.51.164.29,217.218.181.22,217.218.181.22,217.218.181.193,217.218.181.193,217.218.181.193,217.218.189.189,217.218.189.189,217.218.189.189,217.218.189.198,217.218.189.198,10.201.42.164,10.201.42.164,10.201.42.164,10.10.36.218,10.10.36.218,10.10.36.218,62.208.212.145,62.208.212.145,62.208.212.145,195.2.30.25,195.2.30.25,195.2.30.25,195.2.28.202,195.2.28.202,195.2.28.202,82.197.164.29,82.197.164.29,82.197.164.29,77.109.171.107,77.109.171.107,77.109.171.107,
213.132.237.105,213.132.238.7,192.168.11.1,192.168.11.1,192.168.11.1,213.132.238.1,213.132.238.1,213.132.238.1,213.132.224.237,213.132.224.237,213.132.237.105,213.132.237.105,213.132.237.105,
88.221.132.27,94.187.128.114,192.168.1.1,192.168.1.1,94.187.128.113,94.187.128.113,94.187.128.113,10.40.0.146,10.40.0.146,10.40.0.146,10.40.0.180,10.40.0.180,10.40.0.180,168.187.124.97,168.187.124.97,168.187.124.97,168.187.124.138,168.187.124.138,168.187.124.138,62.115.32.145,62.115.32.145,62.115.32.145,213.155.135.200,213.155.135.200,213.155.135.200,80.91.246.184,80.91.246.184,80.91.246.184,213.155.132.152,213.155.132.152,213.155.132.152,80.91.253.219,80.91.253.219,80.91.253.219,62.115.36.162,62.115.36.162,62.115.36.162,88.221.132.27,88.221.132.27,88.221.132.27,
87.245.216.10,178.209.65.68,109.75.192.1,109.75.192.1,109.75.192.1,87.245.247.201,87.245.247.201,87.245.247.201,87.245.233.214,87.245.233.214,87.245.233.214,87.245.216.10,87.245.216.10,87.245.216.10,
88.221.219.9,178.250.56.60,192.168.141.4,192.168.141.4,192.168.141.4,178.250.56.48,178.250.56.48,178.250.56.48,149.6.177.65,149.6.177.65,149.6.177.65,130.117.48.165,130.117.48.165,130.117.48.165,193.5.122.181,193.5.122.181,193.5.122.181,138.187.131.3,138.187.131.3,138.187.131.3,138.187.129.54,138.187.129.54,138.187.129.54,138.187.130.108,138.187.130.108,138.187.130.108,193.247.168.54,193.247.168.54,193.247.168.54,88.221.219.9,88.221.219.9,88.221.219.9,
80.239.137.123,94.142.209.4,192.168.20.1,192.168.20.1,192.168.20.1,31.3.8.17,31.3.8.17,31.3.8.17,46.226.56.115,46.226.56.115,46.226.56.115,46.226.56.42,46.226.56.42,46.226.56.42,78.152.56.37,78.152.56.37,78.152.56.37,78.152.44.77,78.152.44.77,78.152.44.77,78.152.45.69,78.152.45.69,78.152.45.69,80.239.161.45,80.239.161.45,80.239.161.45,213.155.136.250,213.155.136.250,213.155.136.250,213.155.130.43,213.155.130.43,213.155.130.43,80.239.137.123,80.239.137.123,80.239.137.123,
95.101.2.33,109.190.6.73,192.168.1.1,192.168.1.1,192.168.1.1,178.32.37.16,178.32.37.16,178.32.37.16,178.32.37.152,178.32.37.152,178.32.37.152,195.69.144.168,195.69.144.168,195.69.144.168,95.101.2.33,95.101.2.33,95.101.2.33,
91.245.214.8,109.109.192.160,10.1.1.1,10.1.1.1,10.1.1.1,109.109.192.129,109.109.192.129,109.109.192.129,82.114.90.101,82.114.90.101,82.114.90.101,10.114.101.249,10.114.101.249,10.114.101.249,10.114.101.254,10.114.101.254,10.114.101.254,79.101.105.229,79.101.105.229,79.101.105.229,212.200.6.162,212.200.6.162,212.200.6.162,212.200.6.186,212.200.6.186,212.200.6.186,193.105.163.12,193.105.163.12,193.105.163.12,91.245.214.8,91.245.214.8,91.245.214.8,
87.245.216.10,91.200.212.9,91.200.212.1,91.200.212.1,91.200.212.1,87.245.247.201,87.245.247.201,87.245.247.201,87.245.233.214,87.245.233.214,87.245.233.214,87.245.216.10,87.245.216.10,87.245.216.10,
87.244.108.78,212.9.7.77,192.168.106.242,192.168.106.242,192.168.106.242,
194.177.211.145,155.207.212.21,155.207.212.101,155.207.212.101,155.207.212.101,62.217.98.22,62.217.98.22,62.217.98.22,62.217.100.62,62.217.100.62,62.217.100.62,194.177.211.145,194.177.211.145,194.177.211.145,
90.84.52.19,200.14.48.134,200.14.48.132,200.14.48.132,200.14.48.132,192.168.214.21,192.168.214.21,192.168.214.21,172.31.253.37,172.31.253.37,172.31.253.37,172.31.253.242,172.31.253.242,172.31.253.242,172.31.253.42,172.31.253.42,172.31.253.42,172.31.252.9,172.31.252.9,172.31.252.9,200.0.16.130,200.0.16.130,200.0.16.130,200.0.16.74,200.0.16.74,200.0.16.74,64.86.33.45,64.86.33.45,64.86.33.45,64.86.33.42,64.86.33.42,64.86.33.42,63.243.172.42,63.243.172.42,63.243.172.42,64.86.78.14,64.86.78.14,64.86.78.14,90.84.52.19,90.84.52.19,90.84.52.19,
2.20.182.229,46.54.226.50,10.254.206.1,10.254.206.1,10.254.206.1,10.254.207.17,10.254.207.17,10.254.207.17,10.254.0.2,10.254.0.2,10.254.0.2,10.254.0.13,10.254.0.13,10.254.0.13,46.54.226.2,46.54.226.2,46.54.226.2,213.253.100.5,213.253.100.5,213.253.100.5,213.253.100.101,213.253.100.101,213.253.100.101,213.253.100.193,213.253.100.193,213.253.100.193,212.103.130.125,212.103.130.125,212.103.130.125,213.253.100.233,213.253.100.233,213.253.100.233,212.13.240.241,212.13.240.241,212.13.240.241,212.103.129.214,212.103.129.214,212.103.129.214,193.203.0.168,193.203.0.168,2.20.182.229,2.20.182.229,2.20.182.229,
92.122.124.97,193.95.101.2,172.16.3.254,172.16.3.254,172.16.3.254,193.95.101.1,193.95.101.1,193.95.101.1,192.168.143.225,192.168.143.225,192.168.143.225,192.168.160.2,192.168.160.2,192.168.160.2,192.168.160.1,192.168.160.1,192.168.160.1,196.203.67.241,196.203.67.241,196.203.67.241,193.95.96.233,193.95.96.233,193.95.96.233,193.95.96.153,193.95.96.153,193.95.96.153,193.95.1.9,193.95.1.9,193.95.1.9,195.22.197.213,195.22.197.213,195.22.197.213,195.22.192.5,195.22.192.5,195.22.192.5,92.122.124.97,92.122.124.97,92.122.124.97,
195.10.18.40,109.68.160.134,109.68.160.252,109.68.160.252,109.68.160.252,109.68.160.49,109.68.160.49,109.68.160.49,134.222.100.90,134.222.100.90,134.222.100.90,134.222.229.166,134.222.229.166,134.222.229.166,134.222.232.206,134.222.232.206,134.222.232.206,134.222.199.83,134.222.199.83,134.222.199.83,134.222.199.103,134.222.199.103,134.222.199.103,134.222.249.10,134.222.249.10,134.222.249.10,195.2.25.45,195.2.25.45,195.2.25.45,195.2.9.202,195.2.9.202,195.2.9.202,195.10.18.40,195.10.18.40,195.10.18.40,
23.62.236.81,75.207.193.84,192.168.0.1,192.168.0.1,192.168.0.1,66.174.177.64,66.174.177.64,66.174.177.64,66.174.54.196,66.174.54.196,66.174.54.196,69.83.90.57,69.83.90.57,69.83.90.57,69.83.91.113,69.83.91.113,69.83.91.113,69.83.90.194,69.83.90.194,69.83.90.194,69.83.81.196,69.83.81.196,69.83.81.196,69.83.81.196,69.83.81.196,69.83.81.196,66.174.49.201,66.174.49.201,66.174.49.201,4.71.248.193,4.71.248.193,4.71.248.193,4.69.158.218,4.69.158.218,4.69.158.218,4.69.138.134,4.69.138.134,4.69.138.134,4.68.110.186,4.68.110.186,4.68.110.186,152.63.7.70,152.63.7.70,152.63.7.70,152.63.35.86,152.63.35.86,152.63.35.86,23.62.236.81,23.62.236.81,23.62.236.81,
109.224.42.199,78.109.237.51,172.16.30.129,172.16.30.129,172.16.30.129,10.253.253.2,10.253.253.2,10.253.253.2,10.40.40.5,10.40.40.5,10.40.40.5,78.109.237.49,78.109.237.49,78.109.237.49,192.168.9.1,192.168.9.1,192.168.9.1,192.168.2.56,192.168.2.56,192.168.2.56,109.224.42.199,109.224.42.199,109.224.42.199,
150.101.152.152,115.146.71.12,192.168.4.1,192.168.4.1,192.168.4.1,119.63.216.225,119.63.216.225,119.63.216.225,119.63.216.38,119.63.216.38,119.63.216.38,218.100.78.3,218.100.78.3,218.100.78.3,150.101.33.24,150.101.33.24,150.101.33.24,150.101.33.7,150.101.33.7,150.101.33.7,150.101.33.22,150.101.33.22,150.101.33.22,150.101.33.15,150.101.33.15,150.101.33.15,150.101.152.152,150.101.152.152,150.101.152.152,
186.151.236.139,190.148.111.98,192.168.1.254,192.168.1.254,192.168.1.254,10.192.34.115,10.192.34.115,10.192.34.115,10.192.56.149,10.192.56.149,10.192.56.149,10.192.37.177,10.192.37.177,10.192.37.177,186.151.236.139,186.151.236.139,186.151.236.139,
190.85.253.19,190.85.15.186,10.96.147.200,10.96.147.200,10.96.147.200,190.85.15.185,190.85.15.185,190.85.15.185,10.177.48.1,10.177.48.1,10.177.48.1,190.81.241.158,190.81.241.158,190.81.241.158,10.14.14.29,10.14.14.29,10.14.14.29,190.85.253.19,190.85.253.19,190.85.253.19,
177.21.240.8,200.238.128.160,200.238.128.254,200.238.128.254,200.238.128.254,200.238.129.1,200.238.129.1,200.238.129.1,200.19.74.206,200.19.74.206,200.19.74.206,200.192.248.7,200.192.248.7,200.192.248.7,177.21.240.8,177.21.240.8,177.21.240.8,
91.245.214.8,195.178.32.28,10.126.252.1,10.126.252.1,10.126.252.1,195.178.32.25,195.178.32.25,195.178.32.25,212.200.17.8,212.200.17.8,212.200.17.8,212.200.232.89,212.200.232.89,212.200.232.89,212.200.227.230,212.200.227.230,212.200.227.230,212.200.6.186,212.200.6.186,212.200.6.186,193.105.163.12,193.105.163.12,193.105.163.12,91.245.214.8,91.245.214.8,91.245.214.8,
213.155.158.58,109.205.72.254,10.100.1.10,10.100.1.10,10.100.1.10,109.205.72.253,109.205.72.253,109.205.72.253,82.113.59.17,82.113.59.17,82.113.59.17,80.239.193.37,80.239.193.37,80.239.193.37,213.155.158.58,213.155.158.58,213.155.158.58,
80.239.247.16,85.114.53.77,85.114.53.73,85.114.53.73,85.114.53.73,85.114.32.138,85.114.32.138,85.114.32.138,85.114.32.137,85.114.32.137,85.114.32.137,80.239.160.209,80.239.160.209,80.239.160.209,80.239.247.16,80.239.247.16,80.239.247.16,
190.96.87.81,190.215.212.88,190.215.160.1,190.215.160.1,190.215.160.1,190.215.160.1,190.215.160.1,190.215.160.1,190.196.124.149,190.196.124.149,190.196.124.149,190.196.124.74,190.196.124.74,190.196.124.74,190.96.87.81,190.96.87.81,190.96.87.81,
190.208.14.137,181.73.104.156,181.73.104.1,181.73.104.1,181.73.104.1,190.208.67.193,190.208.67.193,190.208.67.193,190.208.9.1,190.208.9.1,190.208.9.1,190.208.14.137,190.208.14.137,190.208.14.137,
190.46.255.159,190.47.47.18,192.168.248.142,192.168.248.142,192.168.248.142,192.168.231.125,192.168.231.125,192.168.231.125,192.168.22.89,192.168.22.89,192.168.22.89,192.168.15.74,192.168.15.74,192.168.15.74,190.46.255.159,190.46.255.159,190.46.255.159,
80.239.137.146,185.49.141.4,185.49.141.1,185.49.141.1,185.49.141.1,78.152.32.118,78.152.32.118,78.152.32.118,78.152.44.63,78.152.44.63,78.152.44.63,78.152.54.187,78.152.54.187,78.152.54.187,80.239.161.45,80.239.161.45,80.239.161.45,213.155.137.192,213.155.137.192,213.155.137.192,80.91.246.101,80.91.246.101,80.91.246.101,80.239.137.146,80.239.137.146,80.239.137.146,
158.255.97.128,85.90.62.20,192.168.3.254,192.168.3.254,192.168.3.254,85.90.62.18,85.90.62.18,85.90.62.18,85.90.32.5,85.90.32.5,85.90.32.5,77.67.90.5,77.67.90.5,77.67.90.5,89.149.183.181,89.149.183.181,89.149.183.181,141.136.100.30,141.136.100.30,141.136.100.30,64.125.31.194,64.125.31.194,64.125.31.194,64.125.29.230,64.125.29.230,64.125.29.230,83.167.63.231,83.167.63.231,83.167.63.231,83.167.56.221,83.167.56.221,83.167.56.221,158.255.97.128,158.255.97.128,158.255.97.128,
62.38.6.16,5.54.149.108,172.24.3.1,172.24.3.1,172.24.3.1,62.38.0.170,62.38.0.170,62.38.0.170,62.38.40.5,62.38.40.5,62.38.40.5,62.38.96.73,62.38.96.73,62.38.96.73,62.38.6.16,62.38.6.16,62.38.6.16,
2.22.52.80,148.81.198.150,148.81.198.149,148.81.198.149,148.81.198.149,148.81.166.160,148.81.166.160,148.81.166.160,195.187.255.52,195.187.255.52,195.187.255.52,195.187.255.201,195.187.255.201,195.187.255.201,212.91.0.10,212.91.0.10,212.91.0.10,195.182.218.115,195.182.218.115,195.182.218.115,2.22.52.80,2.22.52.80,2.22.52.80,
77.67.4.42,196.13.191.149,196.13.191.145,196.13.191.145,196.13.191.145,41.87.100.201,41.87.100.201,41.87.100.201,41.217.213.66,41.217.213.66,41.217.213.66,41.217.213.101,41.217.213.101,41.217.213.101,105.16.9.233,105.16.9.233,105.16.9.233,105.16.32.253,105.16.32.253,105.16.32.253,77.67.67.105,77.67.67.105,77.67.67.105,141.136.108.202,141.136.108.202,141.136.108.202,77.67.4.42,77.67.4.42,77.67.4.42,
200.28.95.35,200.28.178.120,10.0.1.1,10.0.1.1,10.0.1.1,10.52.205.3,10.52.205.3,10.52.205.3,10.50.3.41,10.50.3.41,10.50.3.41,10.50.3.42,10.50.3.42,10.50.3.42,200.28.95.35,200.28.95.35,200.28.95.35,
2.20.182.19,193.198.229.142,193.198.229.141,193.198.229.141,193.198.229.141,172.19.252.17,172.19.252.17,172.19.252.17,172.19.252.5,172.19.252.5,172.19.252.5,193.198.228.201,193.198.228.201,193.198.228.201,62.40.124.9,62.40.124.9,62.40.124.9,193.203.0.168,2.20.182.19,2.20.182.19,2.20.182.19,
80.239.247.16,195.80.165.30,195.80.165.1,195.80.165.1,195.80.165.1,195.28.75.130,195.28.75.130,195.28.75.130,62.168.110.45,62.168.110.45,62.168.110.45,213.248.89.101,213.248.89.101,213.248.89.101,80.239.247.16,80.239.247.16,80.239.247.16,
195.59.126.185,41.79.226.194,10.10.0.254,10.10.0.254,10.10.0.254,192.168.254.1,192.168.254.1,192.168.254.1,41.79.226.193,41.79.226.193,41.79.226.193,196.45.43.9,196.45.43.9,196.45.43.9,41.188.129.121,41.188.129.121,41.188.129.121,41.188.129.113,41.188.129.113,41.188.129.113,41.212.1.69,41.212.1.69,41.212.1.69,212.113.9.181,212.113.9.181,212.113.9.181,4.69.166.138,4.69.166.138,4.69.166.138,195.50.124.26,195.50.124.26,195.50.124.26,195.59.126.185,195.59.126.185,195.59.126.185,
205.250.85.82,185.39.208.66,185.39.208.33,185.39.208.33,185.39.208.33,193.137.2.25,193.137.2.25,193.137.2.25,193.137.0.4,193.137.0.4,193.137.0.4,62.40.124.97,62.40.124.97,62.40.124.97,62.40.98.107,62.40.98.107,62.40.98.107,62.40.98.67,62.40.98.67,62.40.98.67,62.40.98.109,62.40.98.109,62.40.98.109,149.6.42.73,149.6.42.73,149.6.42.73,130.117.48.114,130.117.48.114,130.117.48.114,154.54.37.33,154.54.37.33,154.54.37.33,154.54.62.149,154.54.62.149,154.54.62.149,154.54.44.237,154.54.44.237,154.54.44.237,154.54.30.117,154.54.30.117,154.54.30.117,154.54.47.58,154.54.47.58,154.54.47.58,154.54.10.238,154.54.10.238,154.54.10.238,205.250.85.82,205.250.85.82,205.250.85.82,
212.205.43.22,185.6.78.96,10.42.253.249,10.42.253.249,10.42.253.249,185.6.76.136,185.6.76.136,185.6.76.136,37.99.193.2,37.99.193.2,37.99.193.2,37.99.192.154,37.99.192.154,37.99.192.154,176.126.38.4,176.126.38.4,176.126.38.4,79.128.227.145,79.128.227.145,79.128.227.145,212.205.43.22,212.205.43.22,212.205.43.22,
194.177.211.145,37.32.218.111,172.22.3.1,172.22.3.1,172.22.3.1,83.212.27.202,83.212.27.202,83.212.27.202,194.177.209.193,194.177.209.193,194.177.209.193,194.177.211.145,194.177.211.145,194.177.211.145,
23.3.90.115,195.43.86.94,192.168.22.1,192.168.22.1,192.168.22.1,195.43.86.3,195.43.86.3,195.43.86.3,195.122.18.249,195.122.18.249,195.122.18.249,194.68.128.170,194.68.128.170,194.68.128.170,23.3.90.115,23.3.90.115,23.3.90.115,
207.246.59.198,83.174.135.34,83.174.135.33,83.174.135.33,83.174.135.33,83.174.132.12,83.174.132.12,83.174.132.12,46.245.140.60,46.245.140.60,46.245.140.60,37.99.193.4,37.99.193.4,37.99.193.4,37.99.192.152,37.99.192.152,37.99.192.152,195.22.193.104,195.22.193.104,195.22.193.104,195.22.208.53,195.22.208.53,195.22.208.53,129.250.4.169,129.250.4.169,129.250.4.169,129.250.2.146,129.250.2.146,129.250.2.146,129.250.2.144,129.250.2.144,129.250.2.144,129.250.4.4,129.250.4.4,129.250.4.4,129.250.3.55,129.250.3.55,129.250.5.86,129.250.5.86,129.250.5.86,198.172.90.150,198.172.90.150,198.172.90.150,66.235.234.19,66.235.234.19,66.235.234.19,207.246.59.198,207.246.59.198,207.246.59.198,
202.40.221.81,158.132.255.55,192.168.1.1,192.168.1.1,192.168.1.1,158.132.255.1,158.132.255.1,158.132.255.1,10.2.0.1,10.2.0.1,10.2.0.1,158.132.254.61,158.132.254.61,158.132.254.61,158.132.12.20,158.132.12.20,158.132.12.20,203.188.117.69,203.188.117.69,203.188.117.69,202.40.221.81,202.40.221.81,202.40.221.81,
202.122.146.144,121.122.70.214,192.168.1.10,192.168.1.10,192.168.1.10,58.71.246.42,58.71.246.170,58.71.246.42,58.71.246.41,58.71.246.41,58.71.246.41,58.71.243.53,58.71.243.53,58.71.243.53,58.71.243.49,58.71.243.49,58.71.243.49,58.71.244.254,58.71.244.254,58.71.244.254,58.71.241.57,58.71.241.57,58.71.241.57,58.71.241.82,58.71.241.82,58.71.241.82,202.151.241.182,202.151.241.182,202.151.241.182,202.122.146.144,202.122.146.144,202.122.146.144,
92.122.51.41,89.33.97.218,86.34.136.177,86.34.136.177,86.34.136.177,10.0.241.201,10.0.241.201,10.0.241.201,10.0.241.178,10.0.241.178,10.0.241.178,80.97.248.13,80.97.248.13,80.97.248.13,46.107.14.110,46.107.14.110,46.107.14.110,109.163.235.173,109.163.235.173,109.163.235.173,195.60.77.14,195.60.77.14,195.60.77.14,195.60.76.94,195.60.76.94,195.60.76.94,195.95.178.2,195.95.178.2,195.95.178.2,92.122.51.41,92.122.51.41,92.122.51.41,
88.221.132.27,185.13.198.35,185.13.199.1,185.13.199.1,185.13.199.1,176.32.192.213,176.32.192.213,176.32.192.213,92.43.136.242,92.43.136.242,92.43.136.242,185.44.116.161,185.44.116.161,185.44.116.161,213.133.172.33,213.133.172.33,213.133.172.33,213.133.160.146,213.133.160.146,213.133.160.146,88.221.132.27,88.221.132.27,88.221.132.27,
5.178.43.88,91.220.108.26,172.16.65.254,172.16.65.254,172.16.65.254,172.16.25.245,172.16.25.245,172.16.25.245,91.220.108.28,91.220.108.28,91.220.108.28,91.220.108.2,91.220.108.2,91.220.108.2,91.220.108.1,91.220.108.1,91.220.108.1,149.11.120.17,149.11.120.17,149.11.120.17,154.54.36.65,154.54.36.65,154.54.36.65,154.54.36.53,154.54.36.53,154.54.36.53,130.117.1.22,130.117.1.22,130.117.1.22,130.117.49.137,130.117.49.137,130.117.49.137,154.54.38.57,154.54.38.57,154.54.38.57,130.117.48.113,130.117.48.113,130.117.48.113,130.117.14.218,130.117.14.218,130.117.14.218,93.186.129.21,93.186.129.21,93.186.129.21,5.178.43.88,5.178.43.88,5.178.43.88,
2.22.234.25,213.192.238.59,213.192.238.57,213.192.238.57,213.192.238.57,212.80.190.2,212.80.190.2,212.80.190.2,212.80.160.149,212.80.160.149,212.80.160.149,212.80.160.254,212.80.160.254,212.80.160.254,193.149.1.72,193.149.1.72,193.149.1.72,88.221.90.250,88.221.90.250,88.221.90.250,2.22.234.25,2.22.234.25,2.22.234.25,
119.224.143.9,124.197.10.213,192.168.1.1,192.168.1.1,192.168.1.1,101.98.0.98,101.98.0.98,101.98.0.98,101.98.3.47,101.98.3.47,101.98.3.47,101.98.3.46,101.98.3.46,101.98.3.46,101.98.3.163,101.98.3.163,101.98.3.163,119.224.143.9,119.224.143.9,119.224.143.9,
165.254.202.219,104.36.15.110,10.10.10.1,10.10.10.1,10.10.10.1,104.36.15.109,104.36.15.109,104.36.15.109,4.59.232.25,4.59.232.25,4.59.232.25,4.69.147.171,4.69.147.171,4.69.147.171,129.250.8.73,129.250.8.73,129.250.8.73,129.250.5.46,129.250.5.46,129.250.5.46,129.250.3.124,129.250.3.124,129.250.3.124,129.250.7.55,129.250.7.55,129.250.7.55,165.254.202.219,165.254.202.219,165.254.202.219,
62.8.89.8,41.89.1.251,41.89.1.1,41.89.1.1,41.89.1.1,41.204.181.18,41.204.181.18,41.204.181.18,41.212.1.241,41.212.1.241,41.212.1.241,41.212.2.77,41.212.2.77,41.212.2.77,62.8.89.8,62.8.89.8,62.8.89.8,
62.8.89.8,41.212.18.4,192.168.73.1,192.168.73.1,192.168.73.1,41.212.114.1,41.212.114.1,41.212.114.1,41.212.2.53,41.212.2.53,41.212.2.53,41.212.1.113,41.212.1.113,41.212.1.113,62.8.89.8,62.8.89.8,62.8.89.8,
206.167.78.24,132.205.221.182,132.205.221.129,132.205.221.129,132.205.221.129,192.168.25.11,192.168.25.11,192.168.25.11,192.168.25.9,192.168.25.9,192.168.25.9,132.205.96.222,132.205.96.222,132.205.96.222,132.205.5.2,132.205.5.2,132.205.5.2,10.99.100.53,10.99.100.53,10.99.100.53,10.98.1.34,10.98.1.34,10.98.1.34,132.205.236.2,132.205.236.2,132.205.236.2,206.167.255.13,206.167.255.13,206.167.255.13,132.202.40.201,132.202.40.201,132.202.40.201,132.202.45.13,132.202.45.13,132.202.45.13,132.202.45.14,132.202.45.14,132.202.45.14,206.167.78.24,206.167.78.24,206.167.78.24,
90.84.57.154,41.207.194.48,192.168.1.1,192.168.1.1,192.168.1.1,10.40.80.241,10.40.80.241,10.40.80.241,10.40.80.242,10.40.80.242,10.40.80.242,213.136.100.105,213.136.100.105,213.136.100.105,41.189.62.22,41.189.62.22,41.189.62.22,193.251.252.181,193.251.252.181,193.251.252.181,193.251.133.110,193.251.133.110,193.251.133.110,193.251.132.222,193.251.132.222,193.251.132.222,193.251.248.86,193.251.248.86,193.251.248.86,90.84.57.154,90.84.57.154,90.84.57.154,
208.185.118.27,74.122.110.46,74.122.110.36,74.122.110.36,74.122.110.36,4.79.170.249,4.79.170.249,4.79.170.249,4.69.149.79,4.69.149.79,4.69.149.79,64.125.13.233,64.125.13.233,64.125.13.233,64.125.25.49,64.125.25.49,64.125.25.49,208.185.118.27,208.185.118.27,208.185.118.27,
46.33.75.59,81.91.228.138,192.168.100.1,192.168.100.1,192.168.100.1,81.91.228.137,81.91.228.137,81.91.228.137,193.251.252.109,193.251.252.109,193.251.252.109,193.251.133.21,193.251.133.21,193.251.242.236,193.251.242.236,193.251.242.236,193.251.254.22,193.251.254.22,193.251.254.22,89.149.181.141,89.149.181.141,89.149.181.141,46.33.75.59,46.33.75.59,46.33.75.59,
95.100.255.146,46.20.243.57,46.20.243.33,46.20.243.33,46.20.243.33,46.20.254.37,46.20.254.37,46.20.254.37,46.20.252.33,46.20.252.33,46.20.252.33,46.20.254.81,46.20.254.81,46.20.254.81,46.20.254.98,46.20.254.98,46.20.254.98,194.42.48.48,194.42.48.48,194.42.48.48,95.100.255.146,95.100.255.146,95.100.255.146,92.62.161.18,
23.218.157.88,187.188.20.31,172.18.45.1,172.18.45.1,172.18.45.1,192.168.100.251,192.168.100.251,192.168.100.251,10.5.50.186,10.5.50.186,10.5.50.185,10.5.50.185,10.5.50.185,187.191.31.1,187.191.31.1,187.191.31.1,38.104.248.17,38.104.248.17,38.104.248.17,154.54.0.126,154.54.0.126,154.54.0.126,154.54.42.65,154.54.42.65,154.54.42.65,154.54.25.106,154.54.25.106,154.54.25.106,154.54.7.46,154.54.7.46,154.54.7.46,154.54.12.106,154.54.12.106,154.54.12.106,66.110.56.114,66.110.56.114,66.110.56.114,23.218.157.88,23.218.157.88,23.218.157.88,
200.9.157.89,179.60.96.24,192.168.1.15,192.168.1.15,192.168.1.15,10.0.0.2,10.0.0.2,10.0.0.2,179.60.96.1,179.60.96.1,179.60.96.1,200.49.120.1,200.49.120.1,200.49.120.1,200.14.75.200,200.14.75.200,200.14.75.200,200.14.75.251,200.14.75.251,200.14.75.251,200.9.157.89,200.9.157.89,200.9.157.89,
177.159.181.162,177.45.229.200,192.168.1.1,192.168.1.1,192.168.1.1,201.0.85.133,201.0.85.133,201.0.85.133,201.0.5.133,201.0.5.133,201.0.5.133,187.100.53.210,187.100.53.210,187.100.53.210,177.99.251.233,177.99.251.233,177.99.251.233,189.59.249.98,189.59.249.98,189.59.249.98,187.115.214.98,187.115.214.98,187.115.214.98,177.159.167.46,177.159.167.46,177.159.167.46,177.159.181.162,177.159.181.162,177.159.181.162,
213.152.6.75,109.69.184.89,109.69.184.93,109.69.184.93,109.69.184.93,109.69.184.68,109.69.184.68,109.69.184.68,46.255.176.88,46.255.176.88,46.255.176.88,213.152.6.75,213.152.6.75,213.152.6.75,
213.147.96.185,151.252.239.174,192.168.1.2,192.168.1.2,192.168.1.2,192.168.178.1,192.168.178.1,192.168.178.1,151.252.224.1,151.252.224.1,151.252.224.1,10.80.1.6,10.80.1.6,10.80.1.6,212.92.223.65,212.92.223.65,212.92.223.65,213.147.96.185,213.147.96.185,213.147.96.185,
62.8.89.8,41.204.160.27,41.204.160.30,41.204.160.30,41.204.160.30,41.204.181.22,41.204.181.22,41.204.181.22,41.212.1.241,41.212.1.241,41.212.1.241,41.212.2.77,41.212.2.77,41.212.2.77,62.8.89.8,62.8.89.8,62.8.89.8,
200.60.136.43,190.42.51.64,192.168.1.1,192.168.1.1,192.168.1.1,10.10.0.1,10.10.0.1,10.10.0.1,10.226.255.97,10.226.255.97,10.226.255.97,10.111.5.206,10.111.5.206,10.111.5.206,200.60.136.43,200.60.136.43,200.60.136.43,
213.248.113.186,41.86.224.94,41.86.224.65,41.86.224.65,41.86.224.65,41.222.192.254,41.222.192.254,41.222.192.254,149.6.184.1,149.6.184.1,149.6.184.1,154.54.74.109,154.54.74.109,154.54.74.109,213.248.70.237,213.248.70.237,80.91.247.93,80.91.247.93,80.91.247.93,80.91.246.177,80.91.246.177,80.91.246.177,80.91.254.75,80.91.254.75,80.91.254.75,213.248.96.130,213.248.96.130,213.248.96.130,213.248.113.186,213.248.113.186,213.248.113.186,
200.240.237.10,143.54.10.146,143.54.10.1,143.54.10.1,143.54.10.1,143.54.3.70,143.54.3.70,143.54.3.70,143.54.0.137,143.54.0.137,143.54.0.137,143.54.0.254,143.54.0.254,143.54.0.254,200.240.237.255,200.240.237.255,200.240.237.255,200.240.237.10,200.240.237.10,200.240.237.10,
59.152.110.10,59.152.100.146,192.168.10.1,192.168.10.1,192.168.10.1,59.152.100.129,59.152.100.129,59.152.100.129,103.21.42.93,103.21.42.93,103.21.42.93,59.152.110.10,59.152.110.10,59.152.110.10,
197.84.130.33,41.222.48.170,10.10.20.221,10.10.20.221,10.10.20.221,41.222.48.169,41.222.48.169,41.222.48.169,41.222.54.241,41.222.54.241,41.222.54.241,41.222.54.113,41.222.54.113,41.222.54.113,196.223.22.25,196.223.22.25,196.223.22.25,197.84.7.44,197.84.7.44,197.84.7.44,197.84.130.33,197.84.130.33,197.84.130.33,
194.106.101.17,217.146.65.59,217.146.65.61,217.146.65.61,217.146.65.61,217.146.77.237,217.146.77.237,217.146.77.237,195.250.170.41,195.250.170.41,195.250.170.41,194.126.123.96,194.126.123.96,194.126.123.96,90.190.134.213,90.190.134.213,90.190.134.213,194.106.101.17,194.106.101.17,194.106.101.17,
213.248.113.186,196.49.1.73,196.49.1.2,196.49.1.2,212.60.72.41,212.60.72.41,212.60.72.41,212.60.70.58,212.60.70.58,212.60.70.58,195.8.10.49,195.8.10.49,195.8.10.49,195.8.1.53,195.8.1.53,195.8.1.53,195.8.0.198,195.8.0.198,195.8.0.198,213.248.76.185,213.248.76.185,213.248.76.185,62.115.139.125,62.115.139.125,62.115.139.125,213.248.96.130,213.248.96.130,213.248.96.130,213.248.113.186,213.248.113.186,213.248.113.186,
